id,name,totalUnits,residentsCount,lat,lng
2,Be @ Schermerhorn,246,112,40.6893716,-73.9866769
3,172 Montague,62,38,40.6940946,-73.9922708
4,248 Duffield St,121,18,40.6909584,-73.9846353
5,115 Stanwix,130,312,40.7019596,-73.9353851
6,55 N 5th,158,119,40.7189734,-73.9621145
7,889 Bushwick Ave,55,13,40.6937899,-73.9250748
8,594 Bushwick Ave,64,56,40.6983906,-73.9347167
9,709 Hart St,32,15,40.6996122,-73.9252836
11,29 Harman St,43,26,40.6945072,-73.9248222
12,803 Wyckoff Ave,54,191,40.6981947,-73.90815
13,1 Duffield St,84,12,40.698229,-73.9835998
16,12 Eckford,101,55,40.7204909,-73.9476789
17,1433 Dekalb Ave,25,48,40.7004952,-73.9232721
18,542 Saint Mark's Ave,36,50,40.6805029,-73.9624327
21,420 Kent Ave,560,694,40.7100012,-73.9690503
22,10 Nevins St,186,102,40.6885353,-73.9813632
27,10 Montieth St,443,281,40.7012005,-73.9357079
29,325 Kent Ave,501,175,40.7132894,-73.9666592
31,171 E 84th,219,33,40.7779756,-73.9551546
32,575 3rd St,36,41,40.6694416,-73.9757026
35,245 E 21st,90,36,40.736902,-73.9821123
36,238 E 36th St,40,14,40.7460927,-73.9754275
37,200 Water St,577,524,40.7072187,-74.0047549
38,140 Riverside Blvd,346,97,40.7770886,-73.9887893
40,365 Bridge St,250,40,40.6925905,-73.9849373
41,505 W 37th,835,713,40.7569625,-73.9983749
43,38 RoeblingÂ St,30,21,40.7177319,-73.9538029
45,157 Suffolk St,35,17,40.7209687,-73.9854363
48,95 Wall St,526,757,40.7047955,-74.0076151
50,272 Grand St,12,10,40.7130951,-73.958118
51,109-10 Queens Blvd,120,21,40.7200538,-73.8419576
52,31 Monroe St,28,23,40.7117497,-73.9949885
54,25 Broad St,308,158,40.7060521,-74.0110566
60,Kips Bay Court,90,50,40.741352,-73.9780426
61,495 W End Ave,128,40,40.7875444,-73.9791921
62,430 E 89th St,20,10,40.7781719,-73.9468704
63,45 Wall St,434,336,40.7064044,-74.0098337
64,211 W 56th St,394,189,40.7655121,-73.9816622
65,100 Willoughby St,504,269,40.6920217,-73.9847946
66,30 Washington St,94,28,40.7034851,-73.9898181
67,Parkside,451,696,40.7297358,-74.0336447
68,10 E 29th St,393,95,40.7447841,-73.986174
69,605 W 42nd St,1097,492,40.7614804,-73.9986128
70,312 11th Ave,369,29,40.7451443,-74.0081805
71,15 W 61st St,167,45,40.7701937,-73.9829177
72,33 Bond St,692,266,40.6883492,-73.983241
73,250 E 30th,77,19,40.7422824,-73.9781111
76,220 E 57th St,164,32,40.7596553,-73.9668231
77,44-41 Purves St,127,81,40.7463122,-73.9406387
78,345 Main St,74,14,41.03542,-73.7615284
79,157 W 106 St,25,22,40.8004594,-73.9649843
80,333 E 49th St,184,52,40.7538834,-73.9676279
81,1209 Dekalb,127,41,40.6957245,-73.9279452
82,160 E 55th St,58,22,40.7590159,-73.9691179
83,21 India St,456,132,40.7319162,-73.9607595
84,250 N 10th St,233,133,40.7174124,-73.9527997
87,1365 York Ave,418,110,40.7674622,-73.9540369
89,Jackson Park LIC,627,388,40.748231,-73.9382324
90,10 Hanover Sq,445,402,40.7046069,-74.0088274
91,104-20 Queens Blvd,422,85,40.7240354,-73.8500872
92,30 W 61st St,162,32,40.7701201,-73.9833141
93,1675 York Ave,386,103,40.7778558,-73.9463148
94,99 Gold St,79,13,40.7019808,-73.9825438
95,833 Monroe St,87,34,40.6889396,-73.9226177
96,105 Corporate Park D,307,297,41.0208014,-73.7212143
97,East River Housing,119,26,40.7128994,-73.9791921
99,100 W 31st St,375,46,40.7480368,-73.9897716
100,The Gateway Tower,82,15,40.8027402,-73.9562297
101,120 Nassau St,270,127,40.698359,-73.9864378
102,300 W 55th St,352,48,40.765122,-73.9842819
104,165 Pinehurst Ave,40,15,40.8537546,-73.9379585
105,50 W 72nd St,631,80,40.7770249,-73.9784575
107,One Manhattan Sq,814,320,40.7105698,-73.9913031
108,160 Madison Ave,318,91,40.7470304,-73.9838866
109,199 State St,46,37,40.6902635,-73.9911341
110,200 Rector Pl,541,149,40.7086444,-74.0161953
111,550 W 54th St,631,166,40.7677879,-73.991741
112,120 E 36th St,91,22,40.7477728,-73.9794793
113,1 South 1st St,302,76,40.7157267,-73.966546
114,11 Hoyt St,480,162,40.6899289,-73.9849747
115,223 N 8th St,81,34,40.7175061,-73.9545753
116,804 W 180th St,44,28,40.8500549,-73.9395183
117,200 W 90th St,97,31,40.7903103,-73.9736823
118,152-11 89th Ave,453,155,40.7054029,-73.8042602
119,400 E 58th St,124,21,40.7586872,-73.9622261
121,45 Hoyt St,369,77,40.6892617,-73.9857155
122,625 W 57th St,484,91,40.7711006,-73.9923335
123,75 Henry St,352,90,40.6986067,-73.9921469
124,1 Dutch St,84,13,40.7092991,-74.0078252
125,10 City Point,339,117,40.691149,-73.9824288
126,2 Blue Slip,404,266,40.7364349,-73.9597695
127,282 S 5th St,83,39,40.7090828,-73.958095
128,550 W 45th St,684,230,40.7623487,-73.9963692
129,250 E 54th St,174,36,40.7573869,-73.9671432
131,1375 Ocean Ave,96,17,40.6287108,-73.9567648
132,3002 39th Ave,407,75,40.7527807,-73.9330667
133,210 W 90th St,123,11,40.7905442,-73.9741432
135,86 Fleet Pl,440,141,40.6933128,-73.9821362
137,205 N 9th St,118,40,40.7180018,-73.9547643
138,105 W 13th St,99,19,40.7369605,-73.9976575
139,315 E 69th St,135,18,40.7666573,-73.9587133
141,360 W 43rd St,232,119,40.7586702,-73.9915885
142,95 Horatio St,324,84,40.7389462,-74.0088345
143,885 6th Ave,330,88,40.748454,-73.9890863
145,1 Irving Pl,620,85,40.7348397,-73.9891261
146,229 W 60th St,305,141,40.7719173,-73.9886583
149,630 Ocean Ave,96,12,40.6474571,-73.9608447
151,166 E 35th St,115,35,40.7464842,-73.977844
152,120 W 97th St,156,23,40.7939275,-73.9683491
153,400 E 90th St,141,26,40.7791814,-73.9472929
155,32 Gramercy Park S,173,39,40.7369827,-73.984881
156,325 5th Ave,250,86,40.7474382,-73.9850675
157,743 Passaic Ave,258,37,40.8359715,-74.1453744
159,215 W 90th St,96,10,40.7907511,-73.9739349
160,345 Montgomery St,102,27,40.6657959,-73.9527658
161,56 Leonard St,135,16,40.7176987,-74.0062231
162,45 E 89th St,252,49,40.7829632,-73.9566986
163,525 W 52nd,339,89,40.7667123,-73.9920599
164,210 W 70th St,180,38,40.7775253,-73.9834558
165,257 Gold St,377,133,40.6966919,-73.9829996
166,40 Broad St,152,46,40.7060275,-74.0117654
167,222 E 34th St,481,92,40.7449717,-73.9770424
168,320 W 38th St,714,363,40.7550976,-73.9927835
170,888 Main St,500,220,40.7687205,-73.9439269
173,250 S End Ave,110,20,40.7097702,-74.0162823
176,66-15 Thornton Place,120,27,40.7232542,-73.8576166
177,10 Little W St,111,14,40.7055917,-74.0172159
184,20 Broad St,533,118,40.7068758,-74.0112648
185,Columbus Square,332,400,40.7946801,-73.9666433
186,100 Maiden Ln,344,201,40.7066745,-74.0071976
187,41-21 24th St,88,46,40.752044,-73.940069
188,8 Spruce St,809,361,40.7110926,-74.0056438
190,3 Court Sq,764,467,40.7478785,-73.9444755
191,116 John St,420,73,40.7075799,-74.0057804
192,322 Menahan St,13,13,40.7006784,-73.9143276
193,555 10th Ave,593,271,40.75893,-73.9963346
194,125 Court St,292,38,40.6899773,-73.9919901
195,327 St Nicholas Ave,68,23,40.8118433,-73.9521009
196,100 Aldrich St,208,14,40.87077,-73.8321903
197,200 W 70th St,191,37,40.7773637,-73.9830336
199,401 E 60th St,218,24,40.7603031,-73.9610497
200,5241 Center Blvd,361,287,40.741387,-73.96016
202,440 E 79th,220,27,40.7715364,-73.9513203
203,100 Grand Cove Way,53,11,40.8230606,-73.9750979
204,90 Washington St,379,188,40.7080189,-74.0150054
205,54 Noll St,462,218,40.7004678,-73.9336493
206,50 Bridge Park,118,17,40.7031046,-73.9848276
207,43-23 Colden St,323,49,40.7530344,-73.8244049
209,223 2nd Ave,65,42,40.7322325,-73.9853739
229,530 W 30th st,175,39,40.7524107,-74.0024305
230,626 1st Ave,789,258,40.744775,-73.9725467
231,21 W End Ave,615,125,40.7729122,-73.9906177
232,50 E 28th St,262,42,40.7431731,-73.9846151
234,222 E 44th St,429,100,40.7513607,-73.9726772
235,175 W 60th St,258,87,40.7711766,-73.9867219
236,515 W 36th St,242,131,40.7563739,-73.9990711
237,222 W 80st,68,19,40.7841615,-73.9790358
239,435 W 31st St,762,199,40.7521736,-73.9989276
240,30 Morningside Dr,138,53,40.8043162,-73.9605819
241,42 W 33rd St,204,44,40.748396,-73.987181
242,152 East 87th Street,65,11,40.7798481,-73.9549226
243,600 W 58th St,55,24,40.7708947,-73.9917793
244,1065 2nd Ave,164,30,40.7589491,-73.9657952
245,300 Ashland Pl,328,116,40.686236,-73.9783039
246,145 Clinton Street,204,71,40.7166713,-73.9864407
247,180 Water St,573,267,40.7070676,-74.0054773
248,411 W 35th St,171,75,40.754601,-73.9966387
249,515 W 38th St,265,79,40.7576431,-73.9979315
250,507 W 28th St,367,111,40.7513464,-74.0025215
251,535 W 43rd St,274,55,40.7612557,-73.9967362
252,606 W 57th St,1017,765,40.7704216,-73.9925485
253,19 Dutch St,480,316,40.7098279,-74.0072893
254,250 Ashland Pl,592,319,40.6878154,-73.9788248
255,125 Delancey St,195,58,40.7182455,-73.9879429
257,445 W 35th St,119,25,40.7550643,-73.9978137
258,501 East 74th Street,83,16,40.768197,-73.9525724
259,111 Lawrence St,492,172,40.6928565,-73.9859924
260,34 Berry St,142,60,40.7212202,-73.9564559
261,363 Bond St,256,104,40.6780383,-73.9902571
262,343 Gold St,710,97,40.6941113,-73.9828707
263,626 Flatbush Ave,197,65,40.6576369,-73.9610322
264,440 Kent Ave,105,54,40.7092689,-73.969376
266,120 York St,135,52,40.7163541,-74.0386985
267,15 Cliff St,153,77,40.7084008,-74.0056138
268,50 Christopher Columbus,448,141,40.7187243,-74.0392659
269,160 Parkside Ave,159,32,40.6539498,-73.9636496
270,1 Columbus Pl,721,222,40.7691679,-73.9858571
271,350 W 43rd,48,46,40.7585475,-73.991228
274,Silver Towers,2318,366,40.7608191,-73.9994156
275,425 Washington Blvd,455,196,40.7224862,-74.0367164
276,333 River St,460,233,40.7404379,-74.0271738
277,2 12th Street,460,48,40.7508262,-74.0244874
278,1 14th Street,130,57,40.7527336,-74.0239986
279,675 Monmouth St,260,87,40.7344594,-74.0478369
280,273 16th St,517,101,40.7329652,-74.0450398
281,33 Hudson St,622,115,40.7132165,-74.0356132
282,160 1st St,150,43,40.7217206,-74.0402298
283,205 Hudson St,151,71,40.7387026,-74.0290742
284,142-144 Steuben St,36,32,40.719747,-74.0393035
285,70 Christopher Columbus Dr,533,90,40.7190513,-74.0404198
286,90 Christopher Columbus Dr,644,163,40.7194779,-74.0408907
287,9 Regent St,140,43,40.7150885,-74.0464037
291,110 Hoboken ave,232,47,40.7357055,-74.0475001
292,11-39 49th,190,56,40.7428402,-73.950942
294,1 River Court,375,215,40.726792,-74.031502
295,29-22 Northern Blvd,467,129,40.7490714,-73.9361896
297,225 Grand St,312,96,40.7155071,-74.0433706
298,485 Marin Blvd,375,70,40.7271288,-74.040401
299,18 Park Ave,383,57,40.7143446,-74.0438893
300,100 C. Columbus Dr,445,72,40.7195249,-74.0418236
301,235 Hudson St,148,64,40.7394886,-74.028893
302,619 Adams St,42,24,40.7455171,-74.0349252
303,255 Warren St,226,144,40.7167652,-74.0394408
304,148 1St St,117,88,40.7215829,-74.0398856
305,2 14Th St,321,91,40.7530199,-74.0240663
307,1300 Ave at Port Imperial,286,97,40.7731429,-74.0130758
308,500 W 56th St,397,49,40.7683339,-73.9894022
309,27-03 42 Rd,125,33,40.7495301,-73.940145
311,200 E 87th St,125,31,40.779219,-73.9531525
312,60 W 66Th St,296,71,40.7733734,-73.9813713
313,154 W 70th St,137,44,40.7767858,-73.9816022
314,200 E 82nd St,252,29,40.7759453,-73.955592
315,461 Dean St,326,60,40.6819212,-73.9756186
316,98 Front St,180,51,40.7024285,-73.9888337
317,350 Clarkson,251,167,40.6551735,-73.9483443
318,2475 W 16th,180,16,40.5866482,-73.9845156
319,1620 Fulton,88,91,40.6794883,-73.9361165
320,40 Brighton 1st Rd,365,12,40.5756277,-73.9667833
321,416 Kent Ave,359,101,40.7102685,-73.9694879
322,184 Kent,439,49,40.718954,-73.9644059
324,1 & 2 Ocean Dr,202,115,40.5749261,-73.9859414
325,70 Washington,220,18,40.7020349,-73.9899069
326,306 Gold,396,56,40.6950751,-73.9835386
327,360 Furman,439,55,40.6935641,-74.0005349
328,123 Melrose St,359,148,40.6995525,-73.933491
329,475 Clermont Ave,224,50,40.6833116,-73.9681954
330,1 City Point,473,73,40.6909398,-73.9830629
331,111 Montgomery St,151,57,40.666873,-73.960886
332,Trump Village,572,156,40.5774625,-73.9731878
337,StuyTown,11273,1065,40.7316971,-73.9801925
354,150 N 12th St,48,17,40.7210931,-73.9558663
362,180 Montague,196,28,40.6938324,-73.9919388
363,855 E 7th,132,23,40.6302675,-73.9699172
364,9511 Shore,114,11,40.6163605,-74.0377695
365,80 Winthrop,132,11,40.6564904,-73.9576946
366,66 Rockwell,322,76,40.687995,-73.9794569
367,60 Broadway,123,43,40.7102929,-73.9660133
369,8701 Shore,174,40,40.624429,-74.039835
370,1875 Atlantic,104,43,40.6772925,-73.923031
371,333 Schermerhorn,753,162,40.6873539,-73.9811041
372,2650 Ocean,190,14,40.5855503,-73.9669229
374,1360 Ocean,153,26,40.6153364,-73.9693662
375,9201 Shore Rd,250,26,40.620502,-74.0396973
376,85 Livingston,252,32,40.6915696,-73.9905785
377,225 Adams,165,15,40.6972127,-73.9878294
378,34 N 7th,189,25,40.7206424,-73.9625206
389,250 E Houston,115,20,40.7221611,-73.9853425
390,401 E 86th St,229,19,40.7768972,-73.9487946
391,400 W 113th St,406,60,40.8042571,-73.9616521
392,1 N 4th Pl,495,220,40.7197532,-73.9648735
393,3000 Ocean,441,29,40.5774523,-73.9689362
394,500 Fourth,111,37,40.6684089,-73.9907614
395,501 Surf,368,35,40.5755355,-73.9735905
396,150 Myrtle,214,32,40.6932363,-73.9826875
397,1655 Flatbush,601,103,40.630591,-73.9447075
398,3400 Snyder,120,12,40.6488628,-73.944856
399,3901 Nostrand,228,22,40.5894827,-73.9395372
400,80 Dekalb,340,134,40.6896359,-73.9800493
401,550 Vanderbilt Ave,292,50,40.680736,-73.9681389
402,420 E 54th St,387,62,40.7557524,-73.9634014
403,365 Bond St,423,85,40.677702,-73.990455
404,81 Fleet Pl,197,56,40.6932351,-73.9815767
405,107 Columbia Heights,160,80,40.69935,-73.995355
406,100 Jay St,268,64,40.701794,-73.986903
407,2940 Ocean,441,54,40.5794999,-73.9683455
408,123 Linden Blvd,452,341,40.6526096,-73.9543769
409,1277 E 14th St,237,147,40.6186297,-73.9606878
410,110 Livingston,288,47,40.6909831,-73.9899258
411,22 N 6th,361,100,40.7201397,-73.96342
412,189 Schermerhorn,250,28,40.6893716,-73.9866769
413,455 W 37th,385,142,40.7565168,-73.9973261
415,446 Kingston,194,11,40.6632908,-73.9431243
416,70 Remsen,110,24,40.6943112,-73.9957427
417,564-570 Saint John's,199,107,40.6725685,-73.9590807
418,191 Willoughby,183,13,40.6924158,-73.9803752
419,125 Borinquen,125,68,40.7108382,-73.9546131
420,111 Hicks,275,14,40.6980797,-73.9942646
421,725 4th Ave,85,26,40.6611079,-73.9970671
422,115 Morris St,151,70,40.7136753,-74.038917
423,North Independence,163,33,40.7516047,-74.0243377
424,165 E 19th St,108,16,40.6455657,-73.9611011
425,302 96th St,120,12,40.61593,-74.0335829
426,1 Hanson Pl,193,39,40.6852669,-73.9776082
427,1818 Newkirk,126,25,40.6366768,-73.9599775
428,277 Gold,119,66,40.6962574,-73.9827734
429,40 Clinton,146,42,40.6955706,-73.9920527
430,175 Willoughby,183,26,40.6922431,-73.9811282
431,200 Schermerhorn,165,38,40.6885268,-73.9854417
432,601 E 19th,108,17,40.636547,-73.9594021
433,265 State St,126,14,40.6892122,-73.9882785
434,61 Oliver St,132,16,40.6199849,-74.0382285
435,Parkside Brooklyn,250,29,40.6534502,-73.9649363
436,2 W End Ave,120,18,40.5813698,-73.9541356
437,180 Franklin,102,15,40.6932896,-73.9580705
438,7101 Colonial Rd,120,16,40.6352335,-74.0317106
439,330 Lenox Rd,107,13,40.6538288,-73.9485191
441,2665 Homecrest Ave,150,18,40.5861106,-73.9560336
443,15 Bridge Park Dr,117,32,40.6924279,-74.0001737
444,651 Vanderbilt,140,24,40.654461,-73.9744629
445,2 Northside Piers,217,47,40.7196518,-73.964024
446,1625 Emmons,144,24,40.5836263,-73.9518978
448,2425 Nostrand Ave,169,13,40.6254159,-73.9463329
449,395 Leonard,188,212,40.7180621,-73.9484829
452,345 Webster,144,28,40.6339914,-73.9689071
453,635 W 42nd St,459,181,40.7618206,-74.0000589
455,4325 Hunter St,1012,186,40.747748,-73.9425343
456,242 W 53rd St,427,132,40.7636601,-73.9840209
457,70 W 37th St,361,67,40.7514307,-73.985989
458,43-22 Queens St,838,104,40.7473134,-73.9395911
459,38 6th Ave,281,145,40.6821897,-73.9742132
460,200 E 94th St,338,94,40.7835297,-73.9499061
461,330 E 38th St,805,149,40.7462651,-73.972462
462,70 Pine St,610,256,40.7065047,-74.0077715
463,88 Greenwich St,452,138,40.7077981,-74.013828
464,845 United Nations Plaza,444,60,40.7525229,-73.9676966
465,45 Tudor City Pl,380,135,40.7493702,-73.9699861
466,70-25 Yellowstone Blvd,532,26,40.7223681,-73.8495076
467,110-11 Queens Blvd,403,62,40.7201292,-73.8398387
468,61-20 Grand Central Pkwy,380,44,40.7379227,-73.8470718
469,27-17 42nd Rd,182,59,40.7492382,-73.9398856
470,6040 Boulevard E,414,72,40.7848123,-74.0069681
471,10 Halletts Point,396,83,40.7766727,-73.9354838
473,200 Greene St.,720,255,40.719722,-74.0349297
475,261 Hudson St,169,22,40.7251629,-74.0079322
477,The Grand at Sky View Parc,471,76,40.7567556,-73.8372629
478,15 William St,302,129,40.7052538,-74.0103402
479,310 E 46th St,332,49,40.751918,-73.9698335
480,630 1st Ave,480,81,40.7451918,-73.9716642
481,75-25 153rd St,365,93,40.7255421,-73.8124525
482,25 Tudor City Pl,460,75,40.7486808,-73.9705383
483,1530 Story Ave,212,64,40.821335,-73.8781881
484,180 Myrtle Ave,222,71,40.6932104,-73.980749
485,7 W 21st,268,30,40.7407988,-73.991313
486,180 Broome St,254,94,40.7175826,-73.9865329
487,5700 Arlington Ave,504,49,40.9069228,-73.9062512
488,37 Wall St,386,147,40.70655,-74.0101357
489,415 E 37th St,413,46,40.745484,-73.9713332
490,300 E 39th St,248,35,40.7475904,-73.9733209
491,267 6th St,104,48,40.6722618,-73.9866985
495,215 E 96th St,265,52,40.7851883,-73.947968
496,301 E 79th St,544,37,40.7733045,-73.9543976
497,515 E 72nd St,356,74,40.7666839,-73.9527719
498,225 E 39th St,353,68,40.7485444,-73.9746544
499,1 West End Ave,248,44,40.7719497,-73.9907001
500,20 Pine St,415,78,40.7075665,-74.0096766
502,180 Riverside Blvd,423,76,40.77508,-73.990303
503,155 Washington St,299,58,40.711899,-74.0394678
504,400 E 56th St,703,75,40.7571111,-73.9630783
505,150 W 51st St,412,78,40.761427,-73.982584
506,2935 John F Kennedy Blvd,220,42,40.7340364,-74.0641143
507,110 River Dr,370,159,40.7302351,-74.0316769
509,160 Riverside Blvd,391,77,40.7775972,-73.9884665
510,4-74 48th Ave,452,25,40.7442003,-73.9568378
511,350 W 42nd St,540,199,40.7578531,-73.9923304
512,61-55 Junction Blvd,304,68,40.7322487,-73.863388
513,100 Riverside Blvd,274,27,40.77577,-73.9895914
514,15 Central Park W,201,13,40.7697189,-73.9810746
515,165 W 66th St,337,36,40.7747695,-73.9839605
516,120 Riverside Blvd,250,34,40.7763767,-73.9891093
517,303 W 66th St,420,64,40.776554,-73.9876401
518,170 W End Ave,476,58,40.7767637,-73.9843469
519,776 6th Ave,338,35,40.7449785,-73.9910454
524,301 Sullivan Pl,78,52,40.6650885,-73.9513202
530,275 S 5th St,174,73,40.709305,-73.9578096
534,6040 Kennedy Blvd,414,28,40.7920496,-74.0209246
549,105 W 29th St,307,28,40.746928,-73.9904131
553,65 Ainslie St,47,10,40.712675,-73.951836
554,211 McGuiness blvd,175,75,40.7295974,-73.9513822
570,340 Evergreen Ave.,166,31,40.6945771,-73.9248108
572,175 W 87TH St,248,40,40.7883728,-73.9740267
573,245 E 24th St,163,17,40.7388152,-73.9806852
574,567 Ocean Ave,108,146,40.649066,-73.9604707
575,4310 Crescent St,709,317,40.7486055,-73.9426476
576,311 E 50th St,111,22,40.7547587,-73.9678116
583,330 E 39th St,495,168,40.7471875,-73.9722819
584,120 W 21st St,207,63,40.7419438,-73.994993
588,343 4th Ave,113,27,40.6727954,-73.9862627
589,900 Ave at Port Imperial,318,233,40.7747576,-74.011972
591,167 Sands St,110,16,40.7002277,-73.9840474
595,411 E 53rd St,191,19,40.7557937,-73.9642805
599,15 Broad St,387,84,40.7067114,-74.010457
602,15 Dunham Place,154,43,40.7113186,-73.9677578
603,147-36 94th Ave,376,142,40.6993588,-73.8053755
604,88 Leonard St,344,83,40.7170355,-74.0047722
605,44-28 Purves St,262,67,40.7464881,-73.9411715
606,205 E 92nd St,230,53,40.7824768,-73.9504487
608,Waterline Square,231,324,40.7728707,-73.9926884
609,560 W 43rd St,418,152,40.7611686,-73.9977459
610,1 Blue Slip,306,102,40.7366122,-73.959184
611,460 W 42nd St,166,27,40.7590258,-73.9944819
612,50 W St,204,25,40.7078252,-74.0150476
613,130 William St,239,180,40.7091434,-74.0064461
614,158 E 126th St,238,69,40.8046923,-73.9363473
617,303 E 57th St,382,79,40.7595774,-73.964779
618,75 Wall St,318,143,40.7051691,-74.008024
619,458 Neptune Ave,375,15,40.5794182,-73.9709078
620,2025 Broadway,280,64,40.7770746,-73.9824749
621,229 Chrystie St,340,67,40.7233886,-73.991498
622,800 Empire Blvd,35,25,40.6634916,-73.9354769
624,410 W 53rd st,217,61,40.7656143,-73.9885704
625,305 W 50th St,272,67,40.7626916,-73.9861736
626,505 W 54th St,176,10,40.7675735,-73.9901251
627,252 7th Ave,300,28,40.7453304,-73.9954677
628,300 E 54th St,352,21,40.7570928,-73.9663495
631,47-05 Center Blvd,394,132,40.7446285,-73.9576437
632,508 E 78th St,96,29,40.7700662,-73.9500865
633,250 Mercer St,274,23,40.7285839,-73.9951065
634,225 E 57th St,242,31,40.7600656,-73.9664566
635,260 W 52nd St,221,36,40.7632274,-73.9849156
636,777 6th Ave,293,39,40.7452317,-73.9915041
637,11 Riverside Dr,608,29,40.7809028,-73.9846443
638,99 John St,431,134,40.7083595,-74.0060041
639,2 River Terrace,233,44,40.7153643,-74.01597
640,6801 Shore Road,106,28,40.6393755,-74.0352909
641,110 1st St,441,399,40.7216522,-74.0379114
643,235 W 102nd,315,74,40.7988135,-73.9694733
644,200 E 66th,566,75,40.7652054,-73.9624491
645,200 E 69th,223,30,40.7673447,-73.9613766
646,2373 Broadway,356,91,40.7889005,-73.9765317
647,30 W 63rd,580,50,40.7707681,-73.981731
648,333 E 43rd,207,38,40.7499746,-73.9698943
649,245 E 93rd St,280,34,40.7828013,-73.9491505
650,568 Grand St,137,20,40.7142822,-73.9792183
651,15 W 72nd St,485,51,40.7768638,-73.977033
652,77 W 24th St,285,33,40.7435617,-73.9918929
653,422 E 72nd St,201,35,40.7669211,-73.9550344
654,200 E 57th St,208,29,40.7599166,-73.9672969
655,300 Central Park W,155,14,40.7882884,-73.9674607
656,1 W St,443,292,40.705242,-74.0161235
657,255 W 94th St,240,68,40.7936669,-73.9731638
658,240 E 27th St,321,30,40.7402195,-73.9795651
659,71 Broadway,240,41,40.7073708,-74.012229
660,388 Bridge St,378,58,40.6916068,-73.9856659
662,212 W 91st St,384,57,40.7897809,-73.9701105
663,167 E 61st St,170,10,40.7631868,-73.9657847
664,100 United Nations Pl,222,18,40.753137,-73.9678146
665,150 W 56th St,354,54,40.7642486,-73.9797499
666,245 E 54th St,432,50,40.7577737,-73.9667949
667,380 Rector Pl,240,42,40.7091188,-74.0179251
668,345 E 93rd St,310,31,40.7816977,-73.9466133
669,20 W 64th St,661,147,40.7716812,-73.9815796
670,790 Riverside Dr,180,17,40.8345592,-73.9470496
671,43-70 Kissena Blvd,320,29,40.7535229,-73.8235317
672,40 W 116th St,159,20,40.8011392,-73.9481133
673,55 W 25th St,400,64,40.7440877,-73.9913408
675,425 E 63rd St,240,28,40.7617185,-73.9587133
676,315 W 33rd St,334,149,40.7520079,-73.9946488
677,205 3rd Ave,335,40,40.735952,-73.9847706
678,225 W 83rd St,232,46,40.7862189,-73.9771931
679,200 Riverside Blvd,365,48,40.778991,-73.987686
680,21 S End Ave,164,22,40.7081291,-74.0177891
681,420 E 55th St,238,24,40.7562471,-73.9625705
682,301 E 22nd St,236,40,40.7371253,-73.9806613
687,575 Main St,400,25,40.7621877,-73.9501997
688,340 E 64th St,292,52,40.7631464,-73.9610896
689,230 E 44th St,156,37,40.7512954,-73.972218
690,235 E 22nd St,334,58,40.7374929,-73.9815861
691,77 E 12th St,175,28,40.7330663,-73.9902428
692,180 W End Ave,433,50,40.7774246,-73.98562
693,305 E 24th St,368,23,40.7384804,-73.9799178
694,347 W 57th St,237,33,40.7677694,-73.9847375
695,303 E 83rd St,261,29,40.775974,-73.952787
696,400 W 37th St,259,62,40.7553673,-73.9954545
697,160 W 24th St,198,59,40.7445675,-73.9949325
698,150 E 34th St,251,101,40.7459079,-73.9792649
699,50 W 34th St,691,863,40.7494946,-73.9874055
700,30 W St,215,25,40.706342,-74.0169905
701,520 E 72nd St,247,30,40.7662447,-73.9527271
702,800 Grand Concourse,202,31,40.8248699,-73.9229829
703,200 E 27th St,347,28,40.7409294,-73.9807589
704,243 W End Ave,187,37,40.7793881,-73.9851838
705,160 W End Ave,517,41,40.7762562,-73.9849534
707,3 Hanover Sq,202,18,40.7049944,-74.0096537
708,333 E 66th St,185,24,40.7644155,-73.95918
713,4610 Center Blvd,584,260,40.747355,-73.9570481
714,4545 Center Blvd,785,543,40.7477797,-73.9559199
715,60 E 9th St,210,44,40.7312988,-73.9924901
716,345 W 145th St,198,72,40.8240342,-73.9440087
717,41 W 86th St,163,25,40.7863063,-73.9710192
718,155 E 34th St,331,84,40.746232,-73.978689
719,100 Overlook Terrace,168,25,40.8562351,-73.9349388
720,77 W 55th St,187,40,40.7630485,-73.9776229
721,529 W 42nd St,151,29,40.7604194,-73.9968086
722,16 W 16th St,462,27,40.7375086,-73.9937004
723,301 W 110th St,259,13,40.8010368,-73.9585297
724,360 E 72nd St,458,38,40.767678,-73.9563011
725,30 River Court,441,233,40.7276933,-74.0308221
727,601 W 57th St,597,199,40.7707083,-73.9919298
728,450 W 42nd St,500,83,40.7589911,-73.9949015
730,525 E 72 St,414,74,40.7663025,-73.9520332
731,340 E 117th St,90,16,40.796568,-73.9353275
732,114 Troutman St,144,13,40.6996798,-73.9291393
734,1-50 50th Ave,925,160,40.7434794,-73.9590478
735,140 W 69th St,208,28,40.7759761,-73.9816788
736,260 Gold St,216,74,40.6966259,-73.9833434
737,49 E 34th St,110,22,40.7476357,-73.9821739
738,175 E 96th St,479,98,40.7857569,-73.9492538
739,360 W 22nd St,215,10,40.7455051,-74.0016003
740,444 E 86th St,306,40,40.7759725,-73.9478532
742,70 E 10th St,353,42,40.7312053,-73.991087
743,730 Columbus Ave,163,30,40.7927409,-73.9679887
744,225 E 36th St,281,89,40.7466605,-73.9758035
747,1214 5th Ave,210,46,40.7913408,-73.9525831
749,161 W 16th St,145,35,40.7398929,-73.9983184
750,235 W 48th St,476,123,40.7609184,-73.9861769
751,140/142 W End Ave,285,54,40.7759205,-73.9861034
752,400 E 57th St,260,28,40.7578976,-73.9629149
753,130 W 67th St,244,27,40.7749252,-73.9832325
754,10 E End Ave,201,16,40.7711225,-73.9483354
755,120 E 87th St,219,20,40.7803919,-73.9558923
756,1735 York Ave,265,64,40.7787858,-73.9454481
757,230 W 55th St,233,76,40.7647977,-73.9827291
758,400 Central Park W,393,51,40.7942099,-73.9636725
759,115 E 9th St,260,30,40.7304139,-73.9897486
760,420 E 72nd St,191,138,40.7672585,-73.9553234
761,1725 York Ave,261,18,40.7782664,-73.9459474
762,105 Duane St,432,104,40.7157785,-74.0058893
763,399 E 72nd St,166,28,40.7678227,-73.9554976
764,377 E 33rd St,225,21,40.7434085,-73.9743289
765,29-11 Queens Pl N,132,23,40.7500791,-73.9371748
766,2 S Willow,200,59,40.8120829,-74.215663
767,1500 Lexington Ave,211,20,40.7863446,-73.9509447
768,115 E 34th St,197,39,40.7468709,-73.9802074
770,21 W St,288,71,40.7063636,-74.015617
771,224-228 E 135th St,188,313,40.809991,-73.9306847
772,450 W 17th St,472,48,40.743531,-74.006746
773,360 E 65th St,155,20,40.7633888,-73.9596248
774,543 W 122nd St,190,26,40.8114743,-73.9597281
775,300 W 122nd St,155,67,40.8084168,-73.9532421
776,15 E 30th St,193,78,40.7456749,-73.9852366
778,53 W 53rd St,148,11,40.7617694,-73.9780863
779,400 E 54th St,232,41,40.7560266,-73.9641121
780,66 W 38th St,367,91,40.751983,-73.9858036
781,101 Warren St,187,16,40.7160839,-74.0125348
782,404 E 79th St,209,42,40.7719285,-73.9523796
785,305 2nd Ave,129,14,40.7344156,-73.9836325
786,70 Battery Pl,209,72,40.7074532,-74.0175773
787,London Terrace Towers,690,95,40.7467765,-74.0015965
788,240 E 86th St,219,29,40.7779861,-73.9526519
789,25 Sutton Pl S,311,21,40.7562668,-73.9610744
790,271 W 47th St,457,85,40.7605919,-73.9869156
791,1175 York Ave,222,32,40.7615369,-73.9579786
792,330 3rd Ave,206,12,40.739748,-73.9827778
793,101 W 24th St,202,25,40.7439433,-73.9923513
794,300 E 71st St,281,32,40.767904,-73.9584643
795,200 Central Park S,306,31,40.7666667,-73.9797008
796,345 E 80th St,330,21,40.7734898,-73.9524729
797,80 Riverside Blvd,283,44,40.77508,-73.990303
798,150 E 44th St,361,123,40.7521707,-73.9741715
799,1965 Broadway,207,26,40.7744463,-73.9825007
800,160 W 66th St,341,36,40.774284,-73.9841508
801,4-75 48th Ave,578,184,40.7448909,-73.9568403
802,233 E 69th St,209,14,40.7672521,-73.9601827
803,22-44 Jackson Ave,1117,740,40.7455074,-73.9460772
804,685 1st Ave,545,116,40.7473868,-73.9710995
805,217 W 57th St,174,19,40.7663935,-73.9809909
806,300 E 59th St,224,20,40.7602859,-73.9640752
809,225 Central Park W,333,39,40.7830893,-73.9713177
810,170 Amsterdam Ave,237,38,40.7760596,-73.9837985
811,101 W End Ave,411,56,40.7753606,-73.9890175
812,2 Gold St,828,535,40.7074723,-74.0068304
813,245 E 25th St,180,31,40.7395218,-73.9802307
814,1520 York Ave,240,26,40.7722617,-73.9493727
815,363 E 76th St,216,22,40.7707242,-73.9542132
816,58 W 58th St,169,18,40.7645754,-73.9762659
817,150 W End Ave,461,81,40.7766541,-73.9861709
819,60 Riverside Blvd,280,33,40.7746852,-73.9909156
820,77 7th Ave,348,28,40.7387517,-73.9990764
821,124 W 60th St,499,123,40.7702842,-73.9856816
822,240 E 39th St,463,66,40.7481127,-73.9743724
823,153-30 89th Ave,304,26,40.7053987,-73.802423
826,330 E 46th St,199,45,40.7516107,-73.9690004
828,455 Main St,209,31,40.7592816,-73.9525383
829,1485 5th Ave,158,34,40.8029506,-73.9444346
830,200 Chambers St,252,35,40.7167836,-74.0123802
831,401 E 74th St,245,36,40.7689684,-73.9543121
832,60 E 12th St,135,20,40.7329352,-73.9908539
834,166 W 75th St,163,24,40.7803197,-73.9799267
835,195 Willoughby Ave,289,19,40.6924643,-73.9642235
836,225 E 34th St,185,30,40.7453897,-73.976693
837,200 W 26th St,197,30,40.7461121,-73.9948034
838,214 Duffield St,323,130,40.6917939,-73.9844757
839,201 E 17th St,271,26,40.7351956,-73.9853559
840,25 River Dr S,336,179,40.7270924,-74.0326057
842,225 Rector Pl,284,52,40.7093515,-74.0159728
843,300 E 75th St,466,91,40.7704044,-73.9566176
844,392 Central Park W,413,68,40.7945469,-73.9649582
845,35 River Dr S,300,65,40.7279065,-74.0324909
847,125 W 31st St,458,63,40.7485813,-73.9901193
850,240 E 47th St,233,24,40.7529103,-73.9704044
851,90-02 Queens Blvd,142,105,40.7336246,-73.8728779
852,250 W 50th St,550,319,40.7619828,-73.9856872
853,33 Caton Pl,126,45,40.6494913,-73.9738566
854,409 Eastern Parkway,185,138,40.670553,-73.9544671
855,4540 Center Blvd,344,153,40.7478958,-73.9568212
856,340 E 34th St,198,62,40.7438587,-73.9742371
857,245 E 40th St,270,32,40.7488561,-73.9731875
858,4720 Center Blvd,498,164,40.7458757,-73.9575852
859,410 Saint Nicholas Ave,265,38,40.8140596,-73.9492538
860,1500 Ave at Port Imperial,236,103,40.772472,-74.0133124
862,63 Wall St,476,218,40.7058501,-74.0088264
863,7855 Blvd E,309,71,40.7974813,-73.9986587
864,77 Park Ave,301,76,40.7365735,-74.0335933
866,500 E 85th St,230,50,40.774808,-73.9475317
870,1133 Warburton Ave,330,30,40.9739235,-73.8877556
878,97 Newkirk St,127,138,40.7289459,-74.0635739
879,433 W 34th St,208,34,40.7542582,-73.9978196
880,131 Dudley St,182,47,40.7123955,-74.0407134
891,125-10 Queens Blvd,375,80,40.7119297,-73.826361
892,55 Tiemann Pl,62,14,40.8158474,-73.9595169
912,100 John St,221,66,40.7080089,-74.0064627
913,39 E 29th St,141,19,40.7444225,-73.9840414
915,400 Chambers St,386,112,40.7178487,-74.0151854
916,160 E 48th St,279,52,40.754625,-73.9721569
917,2 North 6th Pl,555,205,40.7208165,-73.9631383
919,20 Exchange Pl,771,402,40.7055048,-74.0096559
920,Lenox Terrace,1716,197,40.8115302,-73.9396101
921,535 Carlton Ave,298,66,40.6809969,-73.970788
922,52 Clark St,137,33,40.6974979,-73.9940892
923,128 E 85th St,35,19,40.7788018,-73.956624
924,70 Greene St,480,391,40.7146968,-74.0357509
925,1 Harborside Pl,297,69,40.719319,-74.0309804
926,1450 Garden St,213,29,40.7544024,-74.0277488
927,43-10 48th Ave,119,16,40.738766,-73.904805
928,31 River Court,445,125,40.7270237,-74.0308635
929,Park & Shore,357,182,40.730868,-74.033462
930,310 Riverside Dr,328,13,40.8004988,-73.9710192
931,123-33 83rd Ave,242,64,40.7115516,-73.8276624
932,165 E 35th St,131,34,40.7467224,-73.9779754
933,750 Columbus Ave,190,56,40.793337,-73.967587
937,515 W 52nd St,339,68,40.7664737,-73.9915929
941,30 Park Ave,237,27,40.7483335,-73.9809404
943,1350 15th St,212,20,40.8453241,-73.9804777
944,201 E 87th St,432,46,40.7796775,-73.9528008
945,662 Pacific St,315,134,40.6821341,-73.9738125
946,525 W 28th St,390,101,40.7515889,-74.0032854
947,20 Beacon Way,123,53,40.7225635,-74.0647227
948,800 6th Ave,274,33,40.7453911,-73.9904866
949,305 E 86th St,334,102,40.7779249,-73.9509628
950,3333 Henry Hudson Pkwy,434,22,40.8855625,-73.9143965
951,200 N End Ave,277,80,40.715876,-74.0150235
952,25 Park Lane S,378,196,40.7308888,-74.0303439
953,282 11th Ave,303,87,40.7521828,-74.0044001
956,196 Willoughby St,449,114,40.6916636,-73.9800343
957,9 Ave at Port Imperial,264,75,40.783033,-74.004593
958,75 W End Ave,802,132,40.7741651,-73.9892929
959,100 Park Plaza Dr,210,34,40.7900837,-74.039835
960,45 Meadowlands Pkwy,116,18,40.7948272,-74.0701263
961,207 Van Vorst St,256,93,40.7142995,-74.0415562
962,68 Bradhurst Ave,155,10,40.8232612,-73.942192
965,Vantage,414,114,40.7133294,-74.0434707
966,747 10th Ave,366,104,40.7650511,-73.9919558
967,322 W 57th St,604,54,40.7670037,-73.9840606
968,211 E 70th St,265,36,40.7682115,-73.9606112
969,198 Van Vorst St,131,27,40.7136549,-74.0409704
970,354 E 91st St,167,40,40.7800854,-73.9474989
971,99 Gorge Rd,237,34,40.8118989,-73.9902766
972,300 E 51st St,118,22,40.7552831,-73.9678161
973,63-11 Queens Blvd,156,18,40.7418242,-73.9019492
975,189 W 89th St,242,11,40.7899875,-73.9730395
977,201 E 69th St,313,61,40.7679424,-73.9615441
986,320 E 46th St,249,73,40.7517401,-73.9693677
987,101 W 90th St,190,32,40.7892983,-73.9705347
988,2-01 50th Ave,310,207,40.7439708,-73.958493
990,123 Washington St,223,115,40.7092191,-74.0137534
991,145 E 48th St,207,41,40.7550965,-73.9723967
992,160 W 71st St,300,45,40.7775536,-73.9815673
993,555 Kappock St,412,44,40.878087,-73.9170513
994,147-40 Archer Ave,475,166,40.7008067,-73.8061039
995,244 Madison Ave,168,18,40.7500781,-73.9814441
996,2500 Johnson Ave,332,21,40.876794,-73.9177034
998,200 W 67th St,307,66,40.7755948,-73.9844749
999,39 New York Ave,124,169,40.737499,-74.046149
1000,228 W 71st St,165,20,40.7783368,-73.983485
1001,240 Riverside Blvd,163,24,40.7804721,-73.9871434
1003,73-12 35th Ave,191,14,40.7501671,-73.8924608
1004,5800 Arlington Ave,435,21,40.9080398,-73.9057615
1005,142-05 Roosevelt Ave,248,21,40.761002,-73.825895
1006,67-38 108th St,205,38,40.7278735,-73.8475577
1007,61 W 62nd St,290,47,40.7711977,-73.9830227
1008,380 Mountain Rd,318,30,40.7608465,-74.0286874
1009,70-20 108th St,254,13,40.722458,-73.844993
1010,570 Grand St,276,19,40.7140634,-73.978966
1011,260 W 54th St,393,122,40.7645034,-73.9840497
1012,118 E 60th St,234,34,40.7626808,-73.9682907
1013,34-46 Vernon Blvd,404,327,40.7645732,-73.9413122
1016,1170 Ocean Pkwy,144,13,40.6201214,-73.9704227
1017,211 E 53rd St,138,19,40.7575405,-73.96836
1019,150 E 61st St,128,14,40.7631119,-73.9668867
1020,320 E 42nd St,442,74,40.7492776,-73.9714601
1021,219 E 69th St,144,18,40.7674236,-73.9607108
1022,2575 Palisade Ave,143,12,40.8818819,-73.921791
1023,440-448 Neptune Ave,177,14,40.5788336,-73.9698569
1024,166 E 61st St,169,17,40.7629274,-73.9662669
1027,85-15 Main St,205,16,40.7097347,-73.8188287
1028,345 E 69th St,127,12,40.7661653,-73.957714
1029,61-15 97th St,211,28,40.7337965,-73.8620837
1030,3935 Blackstone Ave,120,10,40.8905096,-73.9123756
1031,260 Audubon Ave,240,29,40.8470739,-73.9339055
1032,63 E 9th St,198,23,40.7314129,-73.9921518
1033,400 E 67th St,128,15,40.7643363,-73.9582092
1035,200 E 24th St,166,10,40.739165,-73.9825033
1036,750 Kappock St,156,17,40.881939,-73.9204858
1037,39-65 52nd St,219,10,40.7467824,-73.9119505
1039,321 E 43rd St,137,20,40.7502655,-73.970583
1040,100-11 67 Rd,156,40,40.7258613,-73.8538407
1041,5 Tudor City Pl,801,190,40.748134,-73.9708805
1042,301 E 63rd St,166,33,40.7631466,-73.9622114
1043,55 River Dr S,309,104,40.7286323,-74.0328386
1044,33 Gold St,186,95,40.7090362,-74.0058263
1045,117-01 Park Lane S,334,26,40.7084393,-73.8377615
1046,72-61 113th St,173,35,40.7205894,-73.8359422
1047,250 W 93rd S,137,23,40.7927445,-73.9738025
1048,504 Grand St,233,48,40.7152214,-73.9819469
1049,7 Dey St,205,138,40.7105849,-74.0100978
1050,333 E 53rd St,149,19,40.7563215,-73.9656283
1051,417 Grand St,272,12,40.7155713,-73.9862389
1052,84-01 Main St,201,28,40.7130473,-73.8163073
1053,87-10 51st Ave,154,10,40.7385497,-73.8759989
1054,215 E 24th St,173,30,40.7392686,-73.9815851
1055,107-40 Queens Blvd,162,17,40.7215039,-73.8447787
1056,2600 Netherland Ave,588,149,40.8787225,-73.9144883
1057,83-40 Austin St,150,23,40.7083799,-73.8290102
1058,66-36 Yellowstone Blvd,245,11,40.7286337,-73.8495325
1059,9902 Third Ave,144,13,40.6141658,-74.0353827
1060,210 E Broadway,315,14,40.7147024,-73.9878854
1061,333 E 14th St,207,25,40.7318273,-73.9832436
1063,12 W 72nd St,161,19,40.776434,-73.9771489
1064,505 E 79th St,210,15,40.7713185,-73.949713
1065,101 W 12th St,365,47,40.7364731,-73.9978323
1066,1 University Pl,248,86,40.7308738,-73.9952212
1067,360 W 34th St,258,46,40.7529766,-73.9958918
1069,77 Bleecker St,234,25,40.726966,-73.9960934
1070,321 E 45th St,112,13,40.7514657,-73.9694815
1071,20 E 35th St,166,24,40.748098,-73.9824791
1072,150 E 69th St,169,36,40.7678001,-73.9629685
1074,595 Main St,162,24,40.7630313,-73.9492357
1075,625 Main St,183,14,40.7633807,-73.9487909
1076,10 W 15th St,418,29,40.7368788,-73.9941595
1077,325 W 45th St,199,30,40.7599403,-73.9896602
1078,63-33 98th Pl,152,24,40.7317425,-73.8578209
1079,1213 Ave Z,248,45,40.5881167,-73.9575194
1080,150 E 39th St,130,60,40.7489783,-73.9765332
1081,225 E 63rd St,145,14,40.7638058,-73.9634758
1082,79-10 34th Ave,151,23,40.7530713,-73.8871598
1083,264 E Broadway,274,17,40.7148581,-73.9853365
1085,7 E 14th St,488,40,40.735795,-73.9925067
1086,96 Fifth Ave,222,78,40.7367104,-73.9935168
1087,309 Gold St,252,93,40.6949569,-73.9828652
1088,3777 Independence Ave,194,25,40.8890444,-73.9137075
1089,112-20 72 Dr,220,30,40.7200875,-73.8371101
1090,1 Morningside Dr,281,41,40.8024063,-73.9616521
1091,345 E 56th St,171,26,40.7579044,-73.9638073
1092,1311 Brightwater Ave,208,12,40.5759058,-73.9559634
1094,130 Lenox Ave,242,32,40.8021896,-73.9491979
1095,300 W 23rd St,210,22,40.7453023,-73.9989481
1096,250 W 19th St,200,23,40.7420899,-73.9990029
1097,430 W 34th St,163,26,40.7536573,-73.9975607
1098,101 W 15th St,162,29,40.738517,-73.996455
1099,2727 Ocean Pkwy,174,35,40.5823119,-73.9665781
1100,Briar Oaks Cooperative,153,31,40.8924692,-73.9091145
1102,205 W End Ave,551,41,40.778545,-73.9864464
1103,151-155 E 31st St,186,25,40.7444938,-73.9802089
1104,875 Morrison Ave,226,16,40.8215857,-73.8740892
1105,62-60 99th St,416,46,40.7329796,-73.8578585
1106,240 E 76th St,293,40,40.7714265,-73.9568587
1107,255 Brunswick St,75,28,40.7293047,-74.0502545
1109,3636 Greystone ave,92,44,40.8867601,-73.9052563
1110,1180 Midland Ave,126,12,40.9322789,-73.8507594
1111,3900 Greystone Ave,127,22,40.8892053,-73.9044525
1112,111 Worth St,319,130,40.7160897,-74.0040608
1113,2 Fifth Ave,348,14,40.7324629,-73.9972883
1114,305 E 40th St,357,47,40.7484797,-73.9724922
1115,61 Jane St,256,30,40.7382981,-74.0058899
1116,200 E 16th St,194,31,40.7344134,-73.9860577
1117,370 E 76th St,379,30,40.7703136,-73.9545817
1118,254 E 68th St,174,26,40.7660091,-73.9608026
1120,444 E 82nd St,415,48,40.7732005,-73.949899
1121,200 W 86th St,212,18,40.7876659,-73.9757026
1122,25 Senate Pl,267,83,40.7372127,-74.0674446
1123,245 E 63rd St,523,158,40.7635037,-73.9631349
1124,515 E 79th St,174,25,40.7709564,-73.9487946
1125,2483 W 16th St,183,19,40.5865819,-73.9843344
1126,118-18 Union Turnpike,208,14,40.712427,-73.8339551
1128,3530 Henry Hudson Pkwy,216,27,40.8865101,-73.9115947
1130,25 W 13th St,180,33,40.7361476,-73.9955368
1131,220 E 54th St,139,27,40.7577685,-73.9681993
1132,200 W 20th St,200,34,40.7422277,-73.997465
1133,Riverside Park Community,340,153,40.8199872,-73.9564303
1134,340 E 80th St,197,26,40.7730858,-73.9528703
1135,345 E 81st St,214,38,40.7740666,-73.9522989
1137,41-21 28th St,186,55,40.750851,-73.9377961
1138,300 E 74th St,227,43,40.769824,-73.9571759
1140,176 E 77th St,160,17,40.7728321,-73.9587156
1141,300 E 46th St,180,46,40.7520952,-73.9700943
1143,210 E 15th St,182,25,40.7334857,-73.9860348
1144,40 E 9th St,149,22,40.731567,-73.9932528
1145,89-15 Parsons Blvd,189,10,40.7055595,-73.8012395
1146,424 W End Ave,231,51,40.7853214,-73.9798349
1147,2-14 50th Ave,177,30,40.7432786,-73.9579419
1148,2 Tudor City Pl,318,45,40.7482797,-73.9715473
1149,61-15 98th St,206,29,40.7346339,-73.8602384
1150,66-01 Burns St,144,15,40.7241051,-73.8581707
1152,500 W 30th St,373,88,40.75211,-74.0016497
1153,535 W 23rd St,243,22,40.7483893,-74.0053592
1154,180 W 20th St,247,46,40.741766,-73.996844
1155,200 W 60th St,248,88,40.7709721,-73.9875843
1156,60 W 23rd St,424,65,40.7425717,-73.9923639
1157,333 E 46th St,176,32,40.7520734,-73.9690003
1158,6 Horizon Rd,270,29,40.8409087,-73.9735094
1159,315 W 70th St,187,23,40.7789427,-73.9859873
1160,175 W 93rd St,172,19,40.7921631,-73.9713327
1161,222 E 39th St,194,34,40.7481306,-73.9749707
1162,400 W 63rd St,207,44,40.774578,-73.9899978
1163,27010 Grand Central Pkwy,602,29,40.7568337,-73.715194
1165,27110 Grand Central Pkwy,589,22,40.7574557,-73.7137603
1166,210 W 89th St,151,16,40.7897655,-73.9744629
1167,1510 Lexington Ave,282,65,40.7870067,-73.9504477
1168,61-45 98th St,209,11,40.7337751,-73.8587032
1169,301 E 47th St,253,65,40.7530419,-73.9696031
1170,110-20 71 Rd,178,22,40.721646,-73.840377
1171,201 E 21st St,266,68,40.7375456,-73.9836965
1172,188 Ludlow St,233,35,40.7220845,-73.9871545
1173,55 E End Ave,187,27,40.7719793,-73.946223
1178,1770 Grand Concourse,184,55,40.8457,-73.9097029
1182,588 W End Ave,67,14,40.7902999,-73.9764602
1183,408 E 92nd St,198,23,40.7803691,-73.9463048
1184,375 S End Ave,584,208,40.7112473,-74.0176642
1185,50 Murray St,389,94,40.7140733,-74.0096735
1186,10 Barclay St,396,126,40.7122236,-74.0091061
1187,37 W 72nd St,92,12,40.7772517,-73.9777458
1188,Manhattan Park Apts,500,124,40.7646017,-73.947516
1191,405 E 56th St,164,42,40.7574078,-73.9624557
1192,520 W 43rd St,375,63,40.7605613,-73.996185
1196,240 E 82nd St,179,51,40.7753074,-73.9540015
1197,251 E 51st St,190,14,40.7558161,-73.9684016
1199,295 Polifly Rd,78,13,40.8730026,-74.0623945
1200,1930 Broadway,231,54,40.7724936,-73.9818735
1201,77 Hudson St,420,71,40.714592,-74.0347398
1202,70 Little W St,243,30,40.7069489,-74.0169068
1205,445 E 86th St,153,35,40.7763285,-73.9475088
1206,516 W 47th St,150,31,40.7629393,-73.9938901
1207,230 Riverside Dr,246,46,40.7954592,-73.9753123
1208,10 West End Ave,163,29,40.7717454,-73.9900505
1209,752 W End Ave,192,43,40.7956911,-73.9726615
1210,389 Washington St,250,44,40.7214644,-74.036852
1211,90 West St,408,175,40.7101634,-74.0144725
1212,561 10th Ave,403,182,40.7592479,-73.9960668
1213,382 Central Park W,414,70,40.7935585,-73.9656011
1214,2 S End Ave,154,36,40.7078381,-74.0174577
1215,2 2nd St,262,49,40.7393659,-74.0341229
1216,201 E 25th St,175,25,40.740113,-73.9818255
1217,190 E 7th St,135,88,40.7247014,-73.9807876
1218,343 E 74th St,136,32,40.7696861,-73.9557104
1219,301 W 53rd St,240,105,40.7644959,-73.9851321
1220,200 E 61st St,225,58,40.7625932,-73.9654316
1222,401 E 34th St,704,195,40.7435873,-73.9725328
1228,377 Rector Pl,231,44,40.709734,-74.0178909
1229,50 Battery Pl,208,62,40.7066593,-74.0179414
1230,300 Rector Pl,146,19,40.7090972,-74.0177561
1231,355 S End Ave,418,156,40.7106954,-74.0170312
1232,211 N End Ave,247,55,40.7161318,-74.0155571
1233,333 Rector Pl,159,32,40.7096147,-74.0173132
1234,80 John St,136,42,40.7082117,-74.0069487
1235,99 Battery Pl,290,103,40.7076052,-74.0166314
1236,300 N End Ave,188,25,40.7165729,-74.0143591
1237,212 Warren St,324,20,40.7163571,-74.0127979
1239,85 John St,158,67,40.7084932,-74.006492
1240,15 Park Row,310,274,40.7113242,-74.007856
1241,10 Liberty St,291,131,40.7073488,-74.0082765
1242,41 River Terrace,328,83,40.7181954,-74.0148297
1243,113 Nassau St,168,47,40.7109821,-74.0071796
1244,27-28 Thomson Ave,212,84,40.7458078,-73.9418144
1245,4630 Center Blvd,177,36,40.7465758,-73.9569744
1246,2-17 51st Ave,177,38,40.7428814,-73.9578406
1247,42-12 28th St,442,115,40.7495077,-73.9396101
1248,27-19 44th Dr,163,34,40.7468112,-73.9418144
1249,41-42 24th St,421,187,40.7518162,-73.9410098
1250,310 Livingston St,154,72,40.6880764,-73.9823616
1251,416 W 52nd St,164,36,40.7648013,-73.9891282
1252,Worldwide Plaza,522,95,40.7627892,-73.9889689
1253,Parc Vendome,565,20,40.7671192,-73.9855001
1254,310 W 52nd St,209,45,40.7635634,-73.9858645
1255,500 W 43rd St,307,83,40.7602412,-73.9954328
1256,350 W 37th St,203,45,40.7548088,-73.9942538
1257,400 W 55th St,143,39,40.7667401,-73.9873079
1258,408 W 57th St,150,19,40.7680768,-73.98663
1259,301 W 45th St,176,73,40.7594618,-73.9886939
1260,99 Hudson St,730,51,40.7153271,-74.0345928
1261,88 Morgan St,445,39,40.7197489,-74.0359794
1262,197 Van Vorst St,154,50,40.7140838,-74.0415333
1263,55 Jordan Ave,267,255,40.725592,-74.0656427
1264,50 Regent St,168,80,40.7156305,-74.048321
1265,1 Shore Ln,220,52,40.7304035,-74.0323796
1266,50 W 77th St,131,10,40.7802254,-73.9761388
1267,127 W 96th St,144,23,40.7937329,-73.9689989
1268,201 W 72nd St,183,28,40.779156,-73.9823843
1269,10 W 66th St,268,39,40.7724058,-73.9797157
1270,145 W 67th St,436,52,40.7756232,-73.9833932
1271,300 W 110th St,190,21,40.8005071,-73.9588649
1272,150 Columbus Ave,138,15,40.7738959,-73.9815628
1273,Dorchester Towers,680,120,40.7761226,-73.9827255
1274,170 W 74th St,156,55,40.779647,-73.9803455
1275,33 Riverside Dr,129,20,40.7825147,-73.9845181
1276,161 W 61st St,230,26,40.7715383,-73.9858725
1277,792 Columbus Ave,288,63,40.7954761,-73.9666112
1278,100 W 93rd St,280,24,40.7909115,-73.9695534
1280,45 W 60th St,321,102,40.7698377,-73.983791
1281,4615 Center Blvd,363,122,40.7472718,-73.9558719
1282,241 Central Park W,142,22,40.7842899,-73.9705371
1283,330 W 56th St,274,118,40.7665143,-73.984998
1285,1 River Pl,897,414,40.7611424,-74.0003114
1286,95 W 95th St,249,53,40.7923612,-73.967443
1287,70 W 95th St,246,26,40.7916598,-73.9674377
1288,33 W End Ave,211,34,40.7733025,-73.99021
1289,621 Amsterdam Ave,188,35,40.790321,-73.9726722
1292,253 W 72nd St,260,33,40.7797516,-73.9836687
1294,227 W 77th St,175,22,40.7824777,-73.9803266
1295,350 Central Park W,157,21,40.7906666,-73.9658766
1296,The Coliseum,608,146,40.7693372,-73.984066
1304,788 Columbus Ave,288,42,40.7950157,-73.9677132
1305,70 W 93rd St,199,26,40.7904031,-73.9689071
1306,200 W 79th St,256,24,40.7829312,-73.9788937
1307,609 Columbus Ave,189,18,40.7887084,-73.9700091
1308,600 Columbus Ave,163,76,40.7886957,-73.9709872
1311,837 Jersey Ave,148,29,40.7346081,-74.0446544
1326,1141 Willoughby Ave,35,78,40.7021845,-73.9251666
1329,75 W St,206,72,40.7090994,-74.0144572
1357,523 Franklin Ave,116,18,40.680633,-73.9554565
1369,40 Harrison St,419,96,40.7190855,-74.0108824
1370,235 E 40th St,362,49,40.7491509,-73.9738086
1371,45-50 Pearson St,197,40,40.7446726,-73.9441109
1372,160 Morgan St,382,85,40.7202352,-74.040584
1373,20 River Ct,421,407,40.7274724,-74.0316842
1374,475 Washington Blvd,243,43,40.7241264,-74.0365824
1375,20 West St,284,74,40.706541,-74.0158244
1376,321 Warren St,180,48,40.7191819,-74.0387473
1391,Normandie Court,383,174,40.7846186,-73.9490464
1392,444 Washington Blvd,530,330,40.7235073,-74.035245
1393,350 W 51st St,145,32,40.7636078,-73.9877372
1404,510 W 52nd St,266,71,40.7661055,-73.9917721
1405,1-55 Borden Ave,306,87,40.7426494,-73.9591442
1406,160 W 62nd St,338,94,40.7719873,-73.9860291
1407,111 Murray St,155,24,40.7136487,-74.0087126
1408,235 W 56th St,482,272,40.7659207,-73.9823142
1409,300 Mercer St,480,197,40.7303006,-73.9934825
1410,200 W 16th St,168,28,40.7399389,-73.9990876
1412,160 E 38th St,261,31,40.7481485,-73.9768734
1413,45 W 67th St,176,24,40.7741541,-73.9806149
1423,57 Montague St,128,13,40.6957468,-73.9970996
1428,697 W End Ave,99,14,40.7938451,-73.9746132
1471,530 W 45th St,99,66,40.76205,-73.9955348
1495,44-72 11th/10-46 44th,105,57,40.7483864,-73.9500367
1497,41 Park Ave,113,23,40.7483765,-73.97993
1498,784 Columbus Ave,287,66,40.7942183,-73.9675296
1499,42-20 24th St,391,59,40.7505815,-73.9422736
1500,21 OneRoof Ave,100,71,40.7605396,-73.9774216
1520,410-420 Lexington Ave,66,39,40.6881879,-73.944639
1551,515 W 59th St,465,98,40.7709509,-73.988382
1573,420 W 42nd St,208,31,40.7587378,-73.9937462
1574,330 W 39th St,199,94,40.7557951,-73.9928998
1575,888 8th Ave,381,97,40.7637113,-73.9848426
1577,200 E 72nd st,421,52,40.7693746,-73.9602924
1578,511 W 44th St,100,20,40.7613864,-73.9953499
1579,23-10 41st Ave,117,30,40.7526544,-73.940299
1580,505 W 43rd St,123,71,40.7609388,-73.9962288
1581,275 Park Ave,123,33,40.6955779,-73.9681042
1582,67 Wall St (merged with 862),331,73,40.7055057,-74.0083795
1583,27-21 44th Dr,120,11,40.7465608,-73.9416354
1586,42-20 27th St,202,24,40.7497393,-73.9403979
1592,300 W 49th St,107,37,40.7616987,-73.9871574
1593,401 Washington Blvd,309,88,40.7220039,-74.0366013
1594,101 Clark St,301,13,40.6976505,-73.9920476
1599,185 Hall St,287,17,40.6923118,-73.9653256
1601,350 Warren St,366,122,40.7200086,-74.0378154
1602,236 Livingston St,271,14,40.6891388,-73.984873
1603,52 Canal Circle,330,25,40.7149364,-74.0642522
1604,150 Nassau St,125,11,40.7114624,-74.0059409
1605,395 S End Ave,447,140,40.7114518,-74.0162308
1606,25 Washington St,106,31,40.7035964,-73.9888985
1607,222 W 83 St,120,33,40.786121,-73.9776903
1610,306 W 48th St,122,30,40.76106,-73.987661
1611,212 E 47th st,261,35,40.7543987,-73.9732125
1612,29 Cliff St,121,37,40.7085183,-74.0051876
1614,101 Lafayette Ave,204,35,40.6875854,-73.9738368
1616,208 W 23rd St,202,52,40.74406,-73.9964368
1617,180 River Dr,336,147,40.7322312,-74.0313539
1619,808 W End Ave,132,22,40.7972406,-73.9713259
1623,484 W 43rd St,845,29,40.7598671,-73.9949061
1625,300 E 34th St,355,36,40.7444676,-73.9756199
1628,45-57 Davis St,158,54,40.7446507,-73.9446136
1629,436 Albee Sq,150,24,40.6907321,-73.9836749
1631,31-57 31st St,114,20,40.762812,-73.9242481
1632,Concord Village,1022,54,40.697478,-73.988335
1633,333 W 57th St,170,10,40.7676285,-73.9844024
1634,90 William St,113,26,40.7081041,-74.0074731
1635,250 W 90th St,157,15,40.7910043,-73.9753315
1636,65 Bay St,447,63,40.7198255,-74.0354286
1638,25 Park Row,110,126,40.7114529,-74.0074527
1640,2928 41st Ave,119,28,40.7509872,-73.9363987
1643,504 Myrtle Ave,144,35,40.6933403,-73.9644072
1644,330 W 45th St,130,41,40.7595804,-73.9898439
1646,295 Central Park W,136,12,40.7878682,-73.9678969
1648,2350 Broadway,312,18,40.7878474,-73.9764372
1649,100 Warren St,227,36,40.7116508,-74.0392154
1650,9 W 31st St,283,110,40.7470322,-73.9866605
1651,77 Sullivan Pl,18,18,40.6647205,-73.9583311
1653,555 W 53rd St,222,26,40.7676967,-73.9928411
1655,400 W 43rd St,892,92,40.7590526,-73.9925457
1657,29-59 Northern Blvd,958,177,40.7501456,-73.9361956
1658,295 Johnston Ave,309,132,40.7117245,-74.0573678
1661,555 W 43rd St,280,46,40.761461,-73.9973651
1663,24 5th Ave,420,15,40.7332403,-73.9962714
1664,60 Water St,290,27,40.7031348,-73.9917844
1665,351 Marin Blvd,507,76,40.7212733,-74.0413753
1666,Savoy Park Aparments,1802,69,40.8173027,-73.9375386
1667,250 W 89th St,142,17,40.7903208,-73.9755404
1695,180 Nassau Str,103,25,40.6982305,-73.9841995
1696,350 E 52nd St,137,59,40.7552101,-73.9657192
1697,488 7th Ave,104,27,40.7526205,-73.9897521
1699,91 Leonard St,111,15,40.7172231,-74.0045792
1700,355 E 72nd st,144,23,40.7681172,-73.9562539
1708,136 Oakland Ave,96,41,40.7374278,-74.0525494
1775,160 Front St,320,55,40.706054,-74.005545
1776,440 W 34th St,134,14,40.7538638,-73.9979279
1777,2416 Queens Pl S,109,17,40.750428,-73.94105
1779,442 W 57th St,118,37,40.7685644,-73.9877549
1781,55 W 14th St,239,10,40.7372881,-73.9961426
1782,220 W 98th St,133,19,40.7956602,-73.9704621
1783,89 Murray St,163,16,40.7151368,-74.0116774
1784,4210 27th St,110,33,40.7499683,-73.9401846
1785,304 W 75th St,119,20,40.7818798,-73.9837146
1789,Southbridge Towers,1641,127,40.7093215,-74.003525
1794,120 Greenwich St,103,12,40.7091285,-74.0132811
1795,204 10th St,153,32,40.7291678,-74.0421748
1797,237 Duffield St,110,38,40.6909668,-73.9841508
1800,155 W 70th St,122,12,40.7771727,-73.9816714
1809,5-49 Borden Ave,132,11,40.7417206,-73.9554071
1811,Chatham Green,420,22,40.7127474,-73.9993651
1812,1 Clinton St,133,21,40.6960415,-73.9913797
1813,170 W 23rd St,120,14,40.743773,-73.9954779
1814,220 Water St,135,12,40.7026808,-73.9852986
1816,959 1st Ave,113,17,40.7557059,-73.9652383
1823,201 W 93rd st,220,13,40.792526,-73.972086
1825,36-20 Steinway St,143,33,40.7527952,-73.9242166
1829,55 Wall St,107,13,40.706088,-74.0092519
1830,455 W 34th St,127,36,40.7545557,-73.9983603
1831,Morningside Gardens,1884,70,40.8123315,-73.9598646
1832,444 Warren St,432,85,40.7235991,-74.0378781
1833,85 4th Ave,159,11,40.7315102,-73.9899321
1837,150 Union Ave,58,31,40.7041922,-73.9499885
1871,465 Washington Blvd,279,44,40.7241317,-74.0365814
1872,5203 Center Blvd,800,703,40.741917,-73.9595499
1875,1 Market St,341,36,39.9474868,-75.1270753
1880,182 E 95th St,252,26,40.7845852,-73.9504443
1922,540 Manhattan Ave,77,11,40.8092504,-73.9533867
2071,88 Regent St,389,85,40.7155341,-74.0490606
2111,232 E 18th St,29,37,40.6455716,-73.9626394
2273,Haus25,750,160,40.7176405,-74.0385498
2274,165 W 127th St,52,19,40.8103101,-73.9470732
2305,250 E 40th st,232,33,40.7485306,-73.9735684
2327,24 Beacon Way,-,35,40.7225666,-74.0632282
2354,160 Clarkson Ave,116,109,40.6548531,-73.9544198
2369,220 Riverside Blvd,423,87,40.7798567,-73.9873973
2397,20 Confucius Plaza,495,37,40.7142161,-73.9971182
2398,304 W 92nd St,119,22,40.7927541,-73.9758174
2399,35 Hudson St,645,82,40.7133378,-74.0355594
2400,310 Greenwich St,412,119,40.7176638,-74.0111526
2401,106 Central Park S,325,37,40.765429,-73.976895
2402,260 W 26th St,208,10,40.7468656,-73.9966838
2403,400 Claremont Ave,635,258,40.7156286,-74.08901
2404,310 E 44th St,330,29,40.7504739,-73.9702846
2408,245 E 19th St,294,31,40.7356797,-73.9829569
2409,700 Grove St,231,102,40.735877,-74.0396515
2410,135 Montgomery St,200,27,40.7167807,-74.0407555
2411,280 Marin Blvd,400,87,40.718384,-74.0413497
2424,232 E 54th St,128,21,40.7575758,-73.9675826
2425,160 Bleecker St,189,26,40.7284664,-74.0002081
2426,60 W 57th St,252,12,40.7640369,-73.9769545
2427,4610 Crane St,160,23,40.745116,-73.9465882
2428,215 W 95th St,211,12,40.7938919,-73.9717149
2429,300 Communipaw Ave,157,83,40.7092268,-74.0597199
2430,414 Hicks St,189,11,40.6884964,-74.0001048
2431,205 State St,239,11,40.6901211,-73.990675
2432,307 W Elizabeth Ave,239,205,40.6282609,-74.2543843
2433,166 2nd Ave,169,18,40.7299498,-73.9863111
2435,200 E 90th St,216,12,40.7810446,-73.9519172
2436,215 E 68th St,589,46,40.7667624,-73.9609014
2440,35 W 33rd St,168,15,40.7487923,-73.9868274
2442,474 Warren St,419,54,40.7241156,-74.0378284
2443,1575 Harbor Blvd,228,18,40.7624766,-74.0222547
2446,301 Elizabeth St,183,23,40.7249597,-73.9934249
2451,790 11th Ave,306,41,40.7477571,-74.0078926
2454,535 Dean St,163,10,40.6814527,-73.9722951
2457,90 Gold St,340,28,40.709837,-74.0038923
2459,666 W End Ave,367,29,40.7926937,-73.9745777
2460,240 Central Park S,323,21,40.7670726,-73.9810516
2462,333 E 102nd St,229,35,40.7875773,-73.9426463
2463,270 Marin Blvd,400,58,40.7176875,-74.0402481
2464,80 N Moore St,420,60,40.7199319,-74.0108707
2465,155 E 29th St,279,27,40.7430148,-73.9806455
2467,1125 Maxwell Ln,376,22,40.7506923,-74.0249192
2473,333 E 34th St,194,41,40.744299,-73.9740525
2474,325 Lafayette Ave,116,10,40.6888705,-73.9626917
2476,333 Lafayette Ave,337,20,40.6894248,-73.9618413
2478,40 Park Ave,153,17,40.7486969,-73.9806893
2479,50 Bayard St,168,15,40.7187817,-73.9510022
2480,333 E 30th St,276,15,40.7420749,-73.9757973
2481,770 Jackson St,424,128,40.747177,-74.038961
2482,30 Regent St,176,43,40.7153908,-74.0475001
2483,1 2nd St,281,26,40.7210415,-74.0352492
2484,279 E 44th St,234,39,40.7514705,-73.9714149
2486,555 W 59th St,183,20,40.7715251,-73.9895943
2487,1215 Broadway,204,30,40.7669131,-73.9342893
2488,600 Harbor Blvd,244,31,40.7586717,-74.0209761
2489,460 Grand St,200,21,40.7176337,-74.0547434
2490,240 W 73rd St,200,35,40.7796854,-73.9826586
2491,95 Christopher St,200,29,40.7335403,-74.0047471
2492,45 River Dr S,445,99,40.728265,-74.033484
2494,558 Fulton St,138,18,40.6884829,-73.9801896
2495,236 E 47th St,165,24,40.7532054,-73.9706122
2496,7 DeKalb Ave,232,52,40.6904782,-73.9828489
2497,45 Park Ln S,160,29,40.7309944,-74.0313893
2498,126 Clifton Pl,229,73,40.7220062,-74.0646118
2499,30 W 141st St,259,29,40.8168841,-73.9363743
2500,300 Coles St,230,39,40.7345347,-74.0454647
2501,375 State St,198,13,40.6874469,-73.9838223
2505,580 Main St,171,12,40.7625956,-73.9486211
2507,425 W 18th St,160,55,40.7441798,-74.0048104
2509,10 Huron Ave,256,58,40.7363974,-74.0616193
2511,1400 Hudson St,324,29,40.7537646,-74.0253302
2512,500 Central Ave,303,37,40.7560731,-74.0428315
2513,1530 Palisade Ave,479,40,40.8469791,-73.9688831
2514,800 Palisade Ave,190,11,40.829519,-73.9793573
2515,3312 Hudson Ave,139,18,40.7704101,-74.0253828
2516,1450 Washington St,157,12,40.754049,-74.0262483
2517,100 Colfax Ave,161,13,40.5795138,-74.1075247
2518,1512 Palisade Ave,271,14,40.8457311,-73.970055
2519,100 Manhattan Ave,427,67,40.7516276,-74.0374459
2520,320 Adolphus Ave,206,31,40.8139795,-73.9888338
2521,4 Beacon Way,321,69,40.7231243,-74.0638668
2522,201 Marin Blvd,405,64,40.7147359,-74.0431397
2523,55 Riverwalk Pl,349,95,40.7825422,-74.0067517
2524,700 1st St,328,70,40.7397616,-74.0422654
2525,10 Provost St,242,31,40.7202811,-74.0387351
2526,10 Regent St,134,15,40.7155004,-74.0465834
2527,8100 River Rd,203,26,40.7979549,-73.9941136
2531,250 Gorge Rd,307,46,40.812352,-73.9899572
2540,Galaxy Towers,1113,93,40.7901688,-74.0007343
2541,6050 JFK Blvd E,189,14,40.784824,-74.0064959
2542,8200 Boulevard E,347,29,40.7994756,-73.9961337
2543,28 Cottage St,169,69,40.734428,-74.0606018
2544,900 Monroe St,141,43,40.7492163,-74.0376694
2545,7855 Boulevard E,308,34,40.7974813,-73.9986587
2546,7912 River Rd,177,20,40.7970574,-73.9953991
2547,1500 Harbor Blvd,238,27,40.7611262,-74.0209674
2548,1200 S 5th St,283,26,40.7356175,-74.1524388
2549,605 Pavonia Ave,682,97,40.731939,-74.0607734
2550,800 Park Ave,366,37,40.852455,-73.9659579
2551,2 Horizon Rd,178,14,40.838916,-73.9739249
2552,100 Old Palisade Rd,567,146,40.8482141,-73.9663005
2553,200 Winston Dr,615,44,40.8276389,-73.9794217
2554,180 Morgan St,473,70,40.7203282,-74.0414415
2555,1100 Maxwell Ln,212,20,40.7500104,-74.0251236
2556,1111 River Rd,204,25,40.5134068,-74.4711779
2560,150 4th Ave,95,21,40.6797275,-73.9818356
2565,4-21 27th Ave,201,10,40.7748108,-73.9327728
2566,112-01 Queens Blvd,204,13,40.7190009,-73.8365029
2567,Park Hill City,234,31,40.7054029,-73.8042602
2568,67-66 108th St,207,18,40.7272034,-73.8471901
2570,118-18 Union Tpke,208,14,40.712427,-73.8339551
2572,72-81 113th St,174,12,40.7199582,-73.8357232
2574,2 Bay Club Dr,571,31,40.7781488,-73.782075
2575,1919 24th Ave,188,20,40.7772872,-73.9217185
2576,118-17 Union Tpke,204,18,40.7129779,-73.8345967
2577,13915 83rd Ave,283,14,40.7133443,-73.8194372
2578,35-20 Leverich St,412,10,40.7500272,-73.8956895
2579,102-10 66th Rd,241,20,40.7282586,-73.8513251
2582,1203 River Rd,241,14,40.8352235,-73.9698713
2583,50 Dey St,221,12,40.7378063,-74.0665127
2584,6125 97th St,222,22,40.7336463,-73.8618276
2585,13327 39th Ave,159,56,40.7593412,-73.8339633
2586,6515 38th Ave,146,10,40.747248,-73.897915
2588,89 Monitor St,130,100,40.7121096,-74.0579188
2589,270 10th St,163,69,40.7293607,-74.0455997
2590,1500 Hudson St,247,30,40.7545056,-74.024915
2591,1025 Maxwell Ln,169,16,40.7492621,-74.0246141
2592,75 Liberty Ave,146,16,40.7389671,-74.0647946
2593,800 Jefferson St,276,14,40.7475497,-74.0359746
2594,50 Riverside Blvd,185,10,40.7740549,-73.9913705
2596,32-42 33rd St,60,12,40.7602255,-73.924914
2597,40-28 College Point Blvd,359,21,40.7571311,-73.8343021
2599,39-60 54th St,217,10,40.7464368,-73.9099634
2601,45-02 Ditmars Blvd,200,16,40.7704603,-73.9029004
2603,80 Park Ave,224,29,40.7502793,-73.9795235
2611,Chelsea Gardens,171,12,40.745005,-73.997338
2612,555 W 23rd St,323,18,40.7486954,-74.0060383
2613,1020 Grand Concourse,447,29,40.8301222,-73.9202611
2614,880 Boynton Ave,224,16,40.8214206,-73.8759785
2615,2550 Olinville Ave,213,22,40.8644237,-73.8680481
2619,25-40 Shore Blvd,333,25,40.7765717,-73.9283585
2621,Roosevelt Terrace Cooperative,426,43,40.7507675,-73.8819067
2622,150-38 Union Tpke,214,16,40.7187728,-73.811168
2624,249 E 48th St,161,58,40.7539575,-73.9696231
2625,333 E 45th St,167,11,40.7514266,-73.969206
2645,175 W 95th,229,22,40.7933424,-73.9704492
2648,10420 68th Dr,105,15,40.7244024,-73.8497917
2649,97-40 62nd Dr,187,15,40.7325379,-73.8601516
2651,6115 98th St,206,11,40.7346339,-73.8602384
2653,61-25 98th St,210,20,40.7349448,-73.8593449
2662,110 Green St,131,19,40.7333419,-73.956467
2663,235 Grand St,565,85,40.7157042,-74.0444669
2665,111 Mulberry St,134,13,40.7176473,-73.9983796
2667,55 Austin Pl,146,11,40.631573,-74.0859355
2669,2630 Kingsbridge Ter,187,10,40.8697508,-73.905391
2670,377 N Broadway Ave,158,10,40.9484732,-73.8932284
2671,61-35 98th St,210,29,40.7343409,-73.859014
2672,97-10 62nd Dr,187,21,40.7324113,-73.8613203
2675,98-20 62nd Dr,185,10,40.7330005,-73.858646
2680,97-07 63rd Rd,178,24,40.7315938,-73.8606057
2682,65-50 Wetherole St,146,10,40.7255887,-73.8589005
2684,The Howard Apartments,450,27,40.7282606,-73.852283
2687,97-37 63rd Rd,183,17,40.7318958,-73.8599645
2752,435 W 57th St,260,30,40.7687723,-73.987181
2764,215 E 80th St,137,14,40.7747919,-73.9558198
2771,522 Shore Rd,244,17,40.5835551,-73.6483781
2772,100 Carlyle Dr,355,34,40.826336,-73.978556
2773,2000 Linwood Ave,480,18,40.8539793,-73.9742511
2792,700 Shore Rd,179,19,40.5838456,-73.643181
2793,1265 15th St,184,11,40.843234,-73.983571
2795,45 W 139th St,259,21,40.8164422,-73.9371532
2806,1543 E 19th St,50,38,40.612444,-73.954795
2809,Pineapple & Henry St Block,266,34,40.6984808,-73.9935197
2812,46th St & 9th Ave Block,286,30,40.7605585,-73.9913885
2813,Clinton & Willoughby Ave Block,469,29,40.6917709,-73.967994
2814,Tillary St & Brooklyn Bridge Block,589,19,40.6965776,-73.9883987
2815,Clinton St & Joralemon St Block,237,22,40.6931598,-73.9934183
2816,Monroe Pl & Pierrepont St Block,170,18,40.6965399,-73.9922134
2817,Shore & Ridge Block,171,18,40.617623,-74.038637
2818,Shore Rd &  93rd St Block,309,24,40.6188938,-74.0391396
2819,150th St & 72nd Rd Block,528,13,40.7291476,-73.8164081
2822,Ave R & E 14th St Block,336,19,40.6061217,-73.9590406
2823,Cortelyou Rd & E 8th St Block,464,42,40.6393194,-73.9715702
2829,Astoria West,569,270,40.7697262,-73.9341911
2830,35 E 35th St,123,20,40.7481837,-73.9813111
2831,10 Rutgers St,83,25,40.7138138,-73.9905677
2835,Fort Washington Ave & W 173rd St Block,383,75,40.8455125,-73.9414496
2842,29 Cornelia St,26,22,40.7314775,-74.0024921
2843,W 137th St & Broadway Block,353,36,40.8216644,-73.9551546
2846,460 Main St,340,79,40.7589097,-73.9517977
2847,555 S 1st St,348,71,40.7420276,-74.1624043
2848,564 1st & 545 1st Ave,291,198,40.7424244,-73.9741796
2849,1102 49th Ave,123,16,40.7427542,-73.9510745
2850,2218 Jackson Ave,169,25,40.7450934,-73.9470701
2851,18 6th Ave,858,296,40.682741,-73.9740643
2852,1 Bell Slip,413,258,40.7373591,-73.9586674
2853,20 Newport Pkwy,215,51,40.7292886,-74.0326076
2861,124 Adams,-,21,40.7283871,-74.1589984
2867,345 E 94th St,198,22,40.7823266,-73.9460053
2877,429 E 52nd St,292,267,40.7550276,-73.9637644
2884,150 E 18th St,212,22,40.7358291,-73.9858934
2901,415 Red Hook Lane,104,13,40.6910547,-73.9887076
2913,77 Charlton St,159,22,40.7273546,-74.006503
2917,LeFrak City,4617,160,40.7348129,-73.8644934
2918,147-25 94th Ave,533,235,40.6993213,-73.8066743
2919,425 Grand Concourse,277,53,40.816984,-73.9285079
2920,545 Vanderbilt Ave,234,133,40.6822658,-73.9675278
2921,Woodcliffe Gardens,-,21,40.8016107,-73.9960076
2922,Murray Hill Terrace,120,42,40.7470846,-73.9768078
2925,933-937 Rogers Ave,64,65,40.6475563,-73.9519876
2927,378 Weirfield St,39,28,40.6960819,-73.906649
2933,30 Kent,150,47,40.7301549,-73.9600797
2934,961 Willoughby Ave,-,51,40.6981255,-73.9307007
2938,Briar Hill,397,25,40.8920689,-73.9103546
2939,The Miles Complex,320,36,40.7997338,-73.9411061
2940,Park Towers S,138,27,40.7673801,-73.9837605
2949,Gated Building A,100,20,40.6032625,-74.144179
2951,321 Wythe Ave,130,37,40.7138486,-73.964983
3000,276 Grand Concourse,215,221,40.8138145,-73.9291797
3001,2401 3rd Ave,458,35,40.8085909,-73.9318194
3002,2065 Ryer Ave,134,24,40.8523491,-73.9012515
3003,La Central,496,115,40.8160887,-73.9158897
3038,2319 E 3rd Ave,404,93,40.5934805,-73.9676842
3041,475 W 57th St,178,21,40.769266,-73.9880763
3070,23 Bruckner Blvd,130,46,40.8078094,-73.9283559
3071,329 E 132nd St,91,21,40.8059594,-73.9270267
3073,101 Bruckner Blvd,55,32,40.805475,-73.9236281
3074,212 Bennett Ave,40,14,40.8544488,-73.9346482
3075,The Highbridge,39,18,40.838479,-73.9367931
3076,Edgecombe Parc,49,14,40.8387144,-73.9369924
3077,618 W 143rd St,86,21,40.8254974,-73.9526687
3078,Hudson 192,63,18,40.8574499,-73.9325971
3079,Perch Harlem,34,25,40.8310502,-73.946223
3080,670 Riverside Dr,59,11,40.8264621,-73.952032
3083,251 W 117th St,72,43,40.8046429,-73.9535018
3084,The Rennie,134,32,40.8168816,-73.9419981
3085,CL Tower,60,13,40.801188,-73.937242
3086,2205 3rd Ave,64,24,40.8006015,-73.9375895
3094,The Heritage,600,65,40.7964299,-73.947782
3109,505 W 47th St,108,11,40.763305,-73.9937922
3111,310 Clarkson Ave,170,31,40.6553128,-73.949713
3113,1 Union Square S,240,28,40.7342037,-73.9900245
3117,400 5th Ave,190,31,40.7500752,-73.9837835
3120,208 Delancey St,76,55,40.7175666,-73.9832325
3121,Eagle & West,745,126,40.7352428,-73.9602632
3123,401 E 62nd St,13,14,40.7614676,-73.9601862
3137,310 W 56th St,115,29,40.7661814,-73.9841508
3139,Greene,130,56,40.7453084,-73.9445819
3140,Bevel LIC,195,13,40.7497287,-73.9406204
3141,Gotham Point,1132,325,40.7387592,-73.9607918
3142,Luna LIC,142,18,40.7501277,-73.9407123
3143,37-05 30th St,186,32,40.7549346,-73.9320201
3148,783 Knickerbocker Ave.,38,24,40.6929624,-73.9078421
3151,The Soho Abbey,147,20,40.7243757,-73.993916
3213,22 Chapel St,180,39,40.6968811,-73.9857122
3241,380 Montgomery Street,-,14,40.7201425,-74.0520416
3244,2319 3rd Avenue,-,69,40.8042046,-73.9352508
3267,94 North 3rd Street,75,10,40.7167075,-73.9623217
3274,2385 Third Avenue,301,16,40.8085632,-73.9319716
3314,220 North 10th Street,2,19,40.718129,-73.9540295
3368,11-39 49th Avenue,194,12,40.742871,-73.949913
3385,146-147 94th Avenue,380,69,40.6990192,-73.8069764
3410,1430 Fulton Street,115,10,40.6798959,-73.9433528
3415,20 Broad Street,2,20,40.7067854,-74.0113571
3419,"30 River Court, Jersey City, NJ, USA, 07310",-,52,40.7276445,-74.0309034
3420,2959 Northern Boulevard,1,23,40.7501334,-73.9362029
3434,555 Mount Prospect Avenue,193,19,40.770684,-74.167695
3441,130 Water Street,2,13,40.7056932,-74.0071228
3456,1 North 4th Street,3,10,40.7193007,-73.9640252
3479,321 East 22nd Street,118,10,40.7369187,-73.980294
3496,244 Saint Pauls Avenue,99,14,40.737671,-74.062214
3498,248 North 8th Street,104,20,40.7161982,-73.9540295
3506,2 Marine View Plaza,216,16,40.7399824,-74.0285951
3509,180 10th Street,128,21,40.7289692,-74.0409185
3526,450 West 42nd Street,671,21,40.7589624,-73.9943229
3547,333 Grand Street,221,46,40.7162677,-74.0487852
3569,315 15th Street,394,73,40.7327847,-74.0461682
3586,90 Sands Street,488,20,40.6998066,-73.9872353
3588,"200 Greene Street, Jersey City, NJ, USA, 07311",-,15,40.7201281,-74.034476
3643,Jersey City Boulevard,-,15,40.7072271,-74.0578401
3651,1 Harborside Place,-,10,40.7196517,-74.0322581
3670,2 Ash Street,93,33,40.7141073,-74.056719
3688,1101 President Street,335,51,40.668707,-73.954085
3707,130 Hope Street,143,46,40.7120895,-73.9530433
3712,234 Suydam Avenue,80,37,40.7088127,-74.0615463
3716,880 Bergen Avenue,56,16,40.7290014,-74.0657894
3760,91 Boerum Street,387,13,40.7060408,-73.9459317
3888,84-10 Main Street,118,11,40.713163,-73.8172993
3931,56- 27 2nd Street,443,59,40.7386432,-73.960714
3935,14725 94th Avenue,534,37,40.6995387,-73.806146
3936,1010 Pacific Street,175,25,40.6792676,-73.9601154
3975,239 North 9th Street,79,31,40.7168295,-73.9528393
3985,15 Carbon Place,198,48,40.712444,-74.0931483
4050,100 Dudley Street,173,33,40.7126771,-74.0389113
4069,200 North 11th Street,54,14,40.7190361,-73.9539871
4114,178 North 11th Street,50,28,40.7194569,-73.9546336
4136,1309 5th Avenue,272,11,40.7971721,-73.9486175
4164,31 Debevoise Street,45,32,40.7018485,-73.9417151
4172,331 Pine Street,98,22,40.713907,-74.0567839
4190,53 Broadway,75,29,40.7107645,-73.9663357
4275,711 Amsterdam Avenue,195,15,40.7929157,-73.9707784
4284,4705 Center Boulevard,380,17,40.7459298,-73.9564103
4296,869 Park Avenue,44,24,40.6988805,-73.9403449
4326,26 University Place Boulevard,199,52,40.7118408,-74.0927728
4464,25 Bruckner Boulevard,67,16,40.8074797,-73.9284963
4538,2 North 6th Street,554,17,40.7208382,-73.963485
4605,1128 30th Drive,137,11,40.769598,-73.933419
4606,618 Bushwick Avenue,100,12,40.6979427,-73.9338925
4690,10 Church Towers,131,10,40.7426705,-74.0344702
4697,121 Garabrant Street,80,36,40.7125136,-74.0559926
4775,150 50th Avenue,619,27,40.7433161,-73.9590139
4794,1137 31st Avenue,110,12,40.769328,-73.933866
4821,111 Centre Ave,333,48,40.9065301,-73.7833633
4908,1 Wall Street,126,11,40.7071061,-74.0118801
5019,101 Bedford Avenue,351,41,40.7202946,-73.9544731
5061,112 West 72nd Street,62,11,40.7773257,-73.9793528
5102,310 10th Street,163,100,40.729546,-74.0473624
5106,185 South 4th Street,47,15,40.7112253,-73.9605381
5122,450 Kent Avenue,142,15,40.7087465,-73.9685874
5145,562 West End Avenue,77,11,40.7896709,-73.9769193
5258,20 West 64th Street,655,30,40.7713091,-73.9805769
5288,605 Hart Street,27,22,40.6979876,-73.9279372
5350,1385 York Avenue,289,26,40.7679086,-73.9535088
5357,7002 Boulevard East,165,25,40.7903567,-74.0004881
5367,393 Weirfield Street,-,25,40.695909,-73.9066113
5497,336 Himrod St,63,25,40.7023945,-73.9174658
5516,1200 Frank E Rodgers Boulevard South,-,13,40.7356519,-74.1543755
5528,522 West 157th Street,-,11,40.8332339,-73.9433535
5542,11 East 1st Street,-,11,40.724342,-73.9917504
5639,1763 2nd Avenue,323,74,40.7817855,-73.9495346
5643,103 South Wood Avenue,-,12,40.62961,-74.249066
5690,100 South Wood Avenue,-,11,40.6292431,-74.2495053
5716,111-32 76th Avenue,-,12,40.716934,-73.8363422
5734,1137 Westchester Ave,51,37,41.0112809,-73.7246624
5936,4901 Bergenline Avenue,-,47,40.7823007,-74.0215893
5966,525 East 14th Street,105,11,40.7302732,-73.979105
6069,88 Clifton Place,241,48,40.7202745,-74.0645732
6097,11 Avenue at Port Imperial,317,29,40.7841296,-74.0043247
6157,1 Towne Centre,37,16,40.8286289,-73.9872728
6173,689 Marin Boulevard,209,13,40.7359856,-74.0390548
6235,2708 Snyder Avenue,105,20,40.6486719,-73.9519348
6294,118-123 83rd Avenue,79,41,40.7082211,-73.8341177
6446,1320 York Avenue,544,107,40.7658246,-73.9541459
6539,455 West 44th Street,35,11,40.7608682,-73.993872
6583,200 East 17th Street,60,12,40.6456538,-73.9636266
6593,110 Bleecker Street,178,12,40.7270373,-73.9981345
6639,435 East 70th Street,393,91,40.7659324,-73.955058
6655,215 W 101st St,85,36,40.7977815,-73.9690067
6659,1380 York Avenue,78,10,40.767884,-73.9526589
6660,Dixon Mills,467,42,40.7210985,-74.0492876
6661,227 Columbus Drive,1,23,40.7212979,-74.0493837
6686,568 Union Avenue,95,23,40.7178417,-73.9518014
6697,33-01 38th Avenue,90,12,40.7529237,-73.9299773
6739,1831 Madison Avenue,129,15,40.8021443,-73.9430084
6781,635 East 14th Street,95,12,40.7290511,-73.9760708
6789,285 Avenue C,105,15,40.7310139,-73.97534
6793,283 Avenue C,105,16,40.7307554,-73.9757301
6795,620 East 20th Street,89,16,40.7326138,-73.9748294
6810,624 East 20th Street,96,10,40.7320205,-73.9758297
6827,523 East 14th Street,105,19,40.7301169,-73.9796183
6830,615 East 14th Street,91,10,40.7294292,-73.9769944
6835,653 East 14th Street,97,12,40.7301095,-73.9764284
6842,625 East 14th Street,91,13,40.7291361,-73.9772798
6864,649 East 14th Street,95,11,40.730356,-73.977063
6908,16 Stuyvesant Oval,105,17,40.7315493,-73.975787
6909,540 East 20th Street,91,11,40.732908,-73.9758225
6910,20 Stuyvesant Oval,103,10,40.7322297,-73.9765145
6914,440 East 20th Street,93,17,40.733947,-73.9783733
6962,540 Fulton St,336,57,40.6887316,-73.9813458
6973,524 East 20th Street,105,20,40.7327201,-73.9771207
6975,601 East 20th Street,2,11,40.7334017,-73.9750661
6977,8 Peter Cooper Road,126,12,40.7340466,-73.9752499
6978,541 East 20th Street,119,14,40.73348,-73.9756168
6982,7 Peter Cooper Road,119,11,40.7345317,-73.9752721
6998,63 Roebling Street,54,18,40.7167728,-73.9542167
6999,212 North 9th Street,33,13,40.717726,-73.9548047
7001,247 North 7th Street,66,16,40.7159484,-73.9544024
7008,544 Union Avenue,96,19,40.7171238,-73.9518307
7059,373 Wythe Avenue,88,35,40.7122355,-73.9657892
7064,428 Wythe Avenue,36,18,40.711304,-73.9666502
7080,34 North 6th Street,251,14,40.7199971,-73.962886
7107,244 West 72nd Street,85,14,40.779173,-73.9836687
7153,7004 JFK Boulevard East,1,20,40.7911564,-73.9996663
7158,7000 JFK Boulevard East,3,50,40.7903644,-74.0007528
7177,25 Boerum Street,387,16,40.7056195,-73.949162
7195,Washington Square Village,1885,79,40.7269406,-73.9966687
7236,415 Newark Street,79,29,40.7369454,-74.0371919
7250,300 Grand Street,99,32,40.741069,-74.0357224
7269,345 South End Avenue,2,11,40.711034,-74.0162083
7273,450 North End Avenue,151,47,40.7172551,-74.0138227
7294,525 East 13th Street,47,11,40.7293409,-73.979636
7314,70-65 Queens Boulevard,91,12,40.7398551,-73.8917182
7395,446 Kent Avenue,75,28,40.7088267,-73.9693804
7398,60 South 8th Street,212,21,40.7096502,-73.9671697
7401,65 South 11th Street,58,20,40.7076939,-73.9665647
7486,46-20 11th Street,43,15,40.7459366,-73.9508193
7494,47-33 5th Street,30,13,40.744933,-73.955537
7520,185 East 85th Street,444,71,40.7786303,-73.9548117
7523,311 11th Avenue,703,83,40.7531594,-74.004505
7531,17 Avenue at Port Imperial,370,29,40.782749,-74.0053472
7540,800 Harbor Boulevard,810,19,40.7590685,-74.0245962
7542,25 Avenue at Port Imperial,304,66,40.7797127,-74.0098779
7549,37-46 72nd Street,154,12,40.7473294,-73.8939464
7557,301 East 94th Street,109,23,40.7829968,-73.9475432
7567,1755 York Avenue,329,19,40.7794893,-73.9447028
7568,1305 Paterson Plank Road,324,10,40.7659742,-74.0442231
7587,1100 Avenue at Port Imperial,325,11,40.7739584,-74.012563
7595,250 East 63rd Street,182,14,40.7632383,-73.9631409
7602,1998 2nd Avenue,202,29,40.7884893,-73.943643
7604,243 West 28th Street,233,43,40.7482038,-73.9951756
7613,145 4th Avenue,210,17,40.7341707,-73.9896761
7652,140 East 46th Street,201,12,40.7536619,-73.9740156
7676,301 West 57th Street,295,10,40.767078,-73.9831196
7688,62-11 108th Street,182,14,40.7367267,-73.8512349
7715,1 Marine View Plaza,216,13,40.7407557,-74.0280426
7734,330 Angelo Cifelli Drive,330,18,40.741127,-74.156752
7743,10 Commerce Drive,172,24,40.9139209,-73.7804204
7753,7 Navy Pier Court,471,13,40.6296235,-74.0738894
7756,198 Academy Street,69,19,40.727635,-74.062963
7789,431 West 37th Street,99,20,40.7561226,-73.9964617
7790,33 University Place Boulevard,144,45,40.7117638,-74.0945839
7795,55 Clinton Place,352,11,40.907815,-73.781706
7801,253 Academy Street,79,25,40.7285953,-74.065101
7825,104-60 Queens Boulevard,451,28,40.7231615,-73.8491271
7829,20 River Terrace,292,11,40.7167428,-74.0161035
7838,57 Alexander Street,440,64,40.939201,-73.9019059
7841,300 Somerset Street,276,22,40.7402034,-74.1567509
7894,2930 Rockaway Avenue,231,35,40.6422451,-73.6573461
7913,148-33 90th Avenue,90,17,40.703877,-73.805813
7917,226 West 78th Street,44,10,40.7826343,-73.9799267
7934,55 Suffolk Street,351,27,40.7170167,-73.9874699
7939,1751 2nd Avenue,259,36,40.7813419,-73.9495509
8031,50 Bayard Street,168,23,40.7154053,-73.9972051
8049,200 Angelo Cifelli Drive,505,13,40.741616,-74.1590796
8063,33 Bowery,8,15,40.7148927,-73.9964194
8064,122 Ashland Place,184,12,40.6924468,-73.9793474
8074,555 West 38th Street,620,22,40.7582839,-73.9997631
8145,"56 Beacon Way,",128,42,40.7214899,-74.0639602
8147,100 Clifton Place,271,57,40.7209468,-74.0639996
8150,424 Arlington Avenue,36,34,40.7156311,-74.0690596
8213,347 West 55th Street,97,12,40.7662998,-73.9855281
8224,210 Warren Street,273,35,40.7169224,-74.0149331
8257,123 William Street,22,11,40.7094756,-74.0072955
8420,201 East 86th Street,257,13,40.779065,-73.9535671
8443,212 Warren Street,166,17,40.7173843,-74.0159379
8446,300 North End Avenue,188,22,40.7167158,-74.0142106
8534,95 Worth Street,147,19,40.7162061,-74.0040725
8583,176 East 85th Street,36,12,40.7781693,-73.9551397
8591,371 Madison Street,120,15,40.7137732,-73.9814933
8600,455 FDR Drive,290,13,40.7129147,-73.9781378
8610,268 East Broadway,331,11,40.7149518,-73.9851007
8630,115 Ocean Avenue,96,13,40.6603441,-73.9622078
8648,84 William Street,121,31,40.7080047,-74.0077256
8782,20 Himrod Street,61,17,40.6944759,-73.9252146
8806,123-60 83rd Avenue,196,13,40.7115111,-73.8260304
9099,1 Northside Piers,169,17,40.719249,-73.963953
9133,280 East 134th Street,110,12,40.807816,-73.9282236
9249,1001 Bushwick Avenue,34,14,40.6918058,-73.9217221
9322,1 Main Street,124,19,40.7033995,-73.9904851
9331,255 West 43rd Street,653,15,40.7578459,-73.9885844
9497,2 Washington Square Village,327,42,40.7282871,-73.9964456
9585,505 LaGuardia Place,180,15,40.7271215,-73.999003
9828,15 Warren Street,219,21,40.7117198,-74.0403858
9889,320 East 65th Street,73,14,40.7637938,-73.9608256
9970,352 West 46th Street,31,15,40.7604375,-73.9900084
10056,104-60 Queens Blvd,451,12,40.7230491,-73.8491201
10101,555 West 52nd Street,96,14,40.7670979,-73.9931014
10127,885 10th Avenue,37,17,40.7697379,-73.9884846
10148,6040 JFK Boulevard East,428,12,40.7852593,-74.0072298
10151,325 East 64th Street,87,17,40.763499,-73.960933
10187,1420 York Avenue,97,23,40.7690013,-73.9518302
10188,508 East 79th Street,46,11,40.7709509,-73.9497792
10262,217 East 16th Street,17,13,40.6451808,-73.963971
10269,1911 Albemarle Road,83,12,40.6474622,-73.9613224
10387,45-35 44th Street,94,21,40.7423171,-73.9205094
10425,400 East 21st Street,52,13,40.644441,-73.9591725
10486,83-15 Lefferts Boulevard,89,16,40.7054781,-73.8312949
10515,62-60 99th Street,-,54,40.7330762,-73.8579167
10522,82-67 Austin Street,147,26,40.7097686,-73.829804
10526,44-15 43rd Avenue,81,14,40.7453498,-73.9195923
10527,8300 Talbot Street,76,33,40.7094895,-73.8290353
10655,41-06 50th Street,67,11,40.7459075,-73.9146113
10657,50-05 43rd Avenue,72,10,40.7446872,-73.9142715
10658,47-09 Skillman Avenue,60,10,40.7465578,-73.9165657
10792,83-11 139th Street,52,11,40.7126342,-73.8194141
10799,54 Boerum Street,387,15,40.7049578,-73.9466822
10800,444 East 20th Street,95,13,40.7335006,-73.9793461
10803,83-20 141st Street,104,13,40.7124802,-73.8186888
10807,55-05 Woodside Avenue,150,20,40.747018,-73.9084583
10814,140-10 84th Drive,61,11,40.7095956,-73.8164123
10850,2455 Third Avenue,-,27,40.8094575,-73.9299359
10862,30 Montrose Avenue,387,16,40.7063397,-73.9487946
10894,34-46 Vernon Boulevard,-,25,40.764816,-73.9419593
10901,121 East 131st Street,-,11,40.808752,-73.935622
10904,1951 Park Avenue,-,14,40.809304,-73.9356521
10908,1-15 57th Avenue,-,34,40.7393481,-73.9615683
10935,18 Stanhope Street,26,13,40.6947706,-73.9259933
10942,67-15 102nd Street,-,13,40.7274515,-73.8513717
10954,800 Avenue at Port Imperial,-,32,40.7753401,-74.0117725
11053,408 West 34th Street,-,16,40.753344,-73.997081
11068,23 University Place Boulevard,-,51,40.7112756,-74.0941722
11113,83-60 118th Street,125,15,40.7053539,-73.83462
11117,82-76 116th Street,30,11,40.7072645,-73.8368062
11119,83-30 118th Street,110,29,40.7061892,-73.8349541
11120,196 Clinton Avenue,98,15,40.6920966,-73.9691137
11122,51 Garden Street,115,13,40.7361776,-74.0329393
11124,50 Bloomfield Street,62,11,40.7360919,-74.0325184
11149,406 Jefferson Street,68,21,40.7428558,-74.0372882
11154,"372 Central Park West, Manhattan, NY, USA, 10025",414,10,40.7929307,-73.964818
11157,551 Observer Highway,104,12,40.7369444,-74.0402761
11162,"101 Clinton Street, Hoboken, NJ, USA, 07030",65,27,40.7384886,-74.0352067
11170,509 West 110th Street,94,14,40.8035179,-73.964404
11184,29-22 Northern Boulevard,456,66,40.7493967,-73.9361199
11188,100 Montgomery Street,-,18,40.7171519,-74.0380451
11222,100 Marshall Street,81,31,40.7400158,-74.0430071
11223,100 Paterson Plank Road,120,39,40.7404691,-74.043954
11225,600 Harrison Street,46,25,40.7457921,-74.0402497
11226,401 Jackson Street,21,11,40.7432921,-74.0394226
11227,500 East 77th Street,-,16,40.7695627,-73.9507999
11249,501 9th Street,160,16,40.748532,-74.0358196
11254,800 Jackson Street,98,21,40.7483666,-74.0384786
11279,1104 Bedford Avenue,32,18,40.686925,-73.954921
11283,85-10 120th Street,72,12,40.702562,-73.831363
11290,322 Gates Avenue,-,13,40.6856524,-73.9540291
11310,210 Thompson Street,66,14,40.7287319,-73.9991467
11363,210 West 109th Street,19,11,40.8025845,-73.9652108
11535,11-12 30th Drive,-,13,40.7701456,-73.9340692
11551,414 Gerard Avenue,210,28,40.8170743,-73.9298602
11585,376 Stockton Street,81,45,40.6974136,-73.9368826
11595,885 Park Avenue,34,11,40.6989333,-73.9397178
11605,82-77 116th Street,55,38,40.7069487,-73.8361721
11609,118-14 83rd Avenue,78,11,40.707302,-73.834321
11612,119-14 Union Turnpike,46,11,40.7128749,-73.832987
11624,390 Hooper Street,47,15,40.709846,-73.9520811
11625,393 Hewes Street,35,11,40.7086282,-73.9513529
11679,1704 Ocean Avenue,58,13,40.620359,-73.955826
11703,The Summit,99,36,40.7199054,-74.0667734
11777,42-12 28th Street,449,26,40.7495185,-73.9394661
11819,2 Constitution Court,159,42,40.7521593,-74.0241534
11846,147-40 Archer Avenue,476,12,40.7007188,-73.8067283
11854,216 Rockaway Avenue,359,12,40.6755147,-73.9116407
11878,249 Thomas S Boyland Street,362,16,40.6756895,-73.9132261
11888,189-04 64th Avenue,156,17,40.7388318,-73.7838458
11897,188-04 64th Avenue,156,15,40.7384328,-73.784924
11934,189-02 64th Avenue,156,16,40.7390653,-73.783771
11965,600 Hudson Street,39,11,40.7434809,-74.0282221
11969,1015 Washington Street,8,13,40.7490239,-74.027053
11988,220 East 22nd Street,131,30,40.737589,-73.9827045
12095,2-01 50th Avenue,332,27,40.743919,-73.9584552
12265,3 Washington Square Village,313,20,40.7276793,-73.9976044
12287,8201 19th Avenue,61,10,40.607871,-73.998016
12297,676 Riverside Drive,73,18,40.8267094,-73.9520091
12305,3495 Broadway,76,10,40.8249801,-73.9518471
12379,889 Bushwick Avenue,54,18,40.6939414,-73.9250767
12455,200 East 131st Street,140,12,40.8085843,-73.9352268
12541,1201 Hudson Street,102,27,40.7508206,-74.0255295
12543,1333 Hudson Street,94,20,40.7527002,-74.0245992
12553,1001 Clinton Street,33,13,40.7494095,-74.0318365
12564,917 Clinton Street,51,13,40.7489195,-74.0318713
12575,1200 Clinton Street,160,23,40.7524829,-74.0317962
12576,1313 Grand Street,48,13,40.7532166,-74.0317177
12587,1622 Ocean Parkway,50,13,40.6089127,-73.9682642
12647,375 South End Avenue,584,19,40.7115779,-74.0172087
12664,35 Seacoast Terrace,383,14,40.5768442,-73.9563774
12673,90 Christopher Columbus Drive,579,37,40.7194159,-74.0409794
12735,760 Eldert Lane,295,11,40.6717865,-73.8637238
12762,44-28 Purves Street,257,12,40.7466779,-73.941108
12809,520 West 48th Street,109,13,40.7638202,-73.9941595
12863,6700 192nd Street,280,21,40.7374652,-73.783571
12951,6400 Saunders Street,73,18,40.7286188,-73.8616623
12954,64-41 Saunders Street,104,11,40.728491,-73.859983
12979,103-11 68th Drive,78,10,40.7241595,-73.8506846
12982,99-45 67th Road,131,15,40.7249612,-73.8541737
12988,67-76 Booth Street,129,18,40.724533,-73.852131
12994,65 Maple Street,72,21,40.711576,-74.0585289
13019,68-12 Yellowstone Boulevard,149,12,40.7258102,-73.8485031
13025,67-70 Yellowstone Boulevard,112,14,40.7265923,-73.849054
13029,6945 108th Street,103,14,40.7241747,-73.8448459
13089,6050 JFK Boulevard East,5,20,40.7848466,-74.0063612
13152,75-05 113th Street,93,11,40.7193051,-73.8357035
13158,108-25 72nd Avenue,66,12,40.720213,-73.842427
13161,75-40 Austin Street,95,12,40.7163524,-73.8377252
13163,109-15 Queens Boulevard,77,14,40.7206441,-73.8410999
13168,109-05 72nd Avenue,66,17,40.7210313,-73.8415759
13225,119-49 Union Turnpike,60,11,40.7142242,-73.832155
13226,45 Kew Gardens Road,96,16,40.7125581,-73.8289149
13240,109-20 Queens Boulevard,65,11,40.7198175,-73.8412403
13242,70 Christopher Columbus Drive,534,36,40.7190489,-74.0403796
13253,110-20 73rd Road,75,15,40.7182073,-73.8388095
13261,110-21 73rd Road,72,12,40.7185326,-73.8394712
13283,72-72 112th Street,118,16,40.7198862,-73.8378877
13418,89-46 164th Street,175,33,40.7061474,-73.7967583
13560,109-20 71st Road,66,13,40.721255,-73.842001
13566,70-01 113th Street,65,11,40.7235197,-73.8389471
13573,104-20 Queens Boulevard,428,12,40.723795,-73.8501057
13577,110-48 72nd Avenue,48,10,40.7212563,-73.8391387
13582,72-11 110th Street,55,10,40.7206033,-73.840482
13653,270 Johnston Avenue,170,30,40.7115222,-74.0555089
13680,500 Sterling Place,77,25,40.6739969,-73.9617899
13712,98-30 67th Avenue,122,14,40.7246914,-73.8549228
13716,102-30 66th Road,252,14,40.7284716,-73.8505211
13720,99-72 66th Road,165,17,40.7281145,-73.8525308
13721,99-52 66th Road,160,10,40.7278412,-73.852798
13737,99-40 63rd Road,193,16,40.7324206,-73.8555724
13903,108-60 Horace Harding Expressway,-,31,40.7373537,-73.849641
13906,108-75 62nd Drive,-,23,40.7366926,-73.8488836
14015,86-25 Van Wyck Expressway,-,18,40.7067121,-73.8178749
14056,97-25 64th Avenue,-,10,40.7301492,-73.8597685
14167,460 Neptune Avenue,396,14,40.579147,-73.9709488
14176,60 East 8th Street,390,10,40.73058,-73.9931058
14222,64-33 99th Street,96,10,40.7300664,-73.8553541
14270,16-42 Putnam Avenue,-,10,40.6991025,-73.9076304
14361,63-07 Saunders Street,-,10,40.7301785,-73.8647404
14364,62-65 Saunders Street,-,12,40.7309277,-73.8665616
14377,64-20 Saunders Street,-,15,40.7281994,-73.8604411
14410,64-45 Booth Street,-,12,40.7278887,-73.8606057
15344,1 Park Avenue,-,16,40.8839204,-74.0388058
15521,160 West 97th Street,157,10,40.7942692,-73.9691767
15656,144 Summit Avenue,99,10,40.7199578,-74.0666789
16003,Yorkville Tower 1,384,22,40.782363,-73.9510423
16015,1601 3rd Avenue,304,14,40.781306,-73.9514716
16104,235 East 95th Street,385,39,40.7840057,-73.9478162
16241,475 Washington Boulevard,-,19,40.7239084,-74.0366423